t_s,actual_speed_kn,gnc_setpoint_kn,planner_speed_kn
0.0,15.550755939524837,0.0,15.550755939524837
0.5,15.33804600823953,0.0,15.550755939524837
1.0,15.136620130439374,0.0,15.550755939524837
1.5,14.939010784992352,0.0,15.550755939524837
2.0,14.745115538787385,0.0,15.550755939524837
2.5,14.554835582855718,0.0,15.550755939524837
3.0,14.368075573430401,11.663066954643629,15.550755939524837
3.5,14.18474348129819,11.663066954643629,15.550755939524837
4.0,14.004750448943467,11.663066954643629,15.550755939524837
4.5,13.82801065501796,11.663066954643629,15.550755939524837
5.0,13.654441185701707,11.857451403887689,15.550755939524837
5.5,13.484181917795535,12.051835853131747,15.550755939524837
6.0,13.32832893303317,12.246220302375807,15.550755939524837
6.5,13.218461921260621,12.440604751619869,15.550755939524837
7.0,13.128319140306601,12.634989200863927,15.550755939524837
7.5,13.058004335060682,12.829373650107987,15.550755939524837
8.0,13.031850037552624,13.023758099352047,15.550755939524837
8.5,13.008965412429264,13.218142548596106,15.550755939524837
9.0,12.990880848187201,13.412526997840168,15.550755939524837
9.5,13.012934683978461,13.606911447084226,15.550755939524837
10.0,13.051200237642325,13.801295896328286,15.550755939524837
10.5,13.10417824003281,13.995680345572346,15.550755939524837
11.0,13.170508867856745,14.190064794816404,15.550755939524837
11.5,13.248958489589274,14.384449244060466,15.550755939524837
12.0,13.33840773311933,14.578833693304526,15.550755939524837
12.5,13.437840731743751,14.773218142548584,15.550755939524837
13.0,13.546335422041397,14.967602591792645,15.550755939524837
13.5,13.663054783859995,15.161987041036705,15.550755939524837
14.0,13.787238923906438,15.356371490280765,15.550755939524837
14.5,13.918197916823415,15.550755939524825,15.550755939524837
15.0,14.054534327139056,15.550755939524837,15.550755939524837
15.5,14.178012361811996,15.550755939524837,15.550755939524837
16.0,14.289836438180567,15.550755939524837,15.550755939524837
16.5,14.391099657854507,15.550755939524837,15.550755939524837
17.0,14.482793823238584,15.550755939524837,15.550755939524837
17.5,14.565818602357798,15.550755939524837,15.550755939524837
18.0,14.640989905021554,15.550755939524837,15.550755939524837
18.5,14.709047530892361,15.550755939524837,15.550755939524837
19.0,14.770662146348108,15.550755939524837,15.550755939524837
19.5,14.826441644231195,15.550755939524837,15.550755939524837
20.0,14.876936936859245,15.550755939524837,15.550755939524837
20.5,14.922647229380757,15.550755939524837,15.550755939524837
21.0,14.964024817439427,15.550755939524837,15.550755939524837
21.5,15.001479449729821,15.550755939524837,15.550755939524837
22.0,15.035382293119751,15.550755939524837,15.550755939524837
22.5,15.06606953497862,15.550755939524837,15.550755939524837
23.0,15.093845654705548,15.550755939524837,15.550755939524837
23.5,15.118986393838732,15.550755939524837,15.550755939524837
24.0,15.141741451641812,15.550755939524837,15.550755939524837
24.5,15.162336930905871,15.550755939524837,15.550755939524837
25.0,15.16017722523074,15.550755939524837,15.550755939524837
25.5,15.165075324653586,6.220302375809935,15.550755939524837
26.0,15.169276466239431,6.220302375809935,15.550755939524837
26.5,15.150911985461407,6.220302375809935,15.550755939524837
27.0,15.111829417723248,6.220302375809935,15.550755939524837
27.5,15.05239892028388,6.220302375809935,15.550755939524837
28.0,14.96976634250534,6.220302375809935,15.550755939524837
28.5,14.859914019037745,6.220302375809935,15.550755939524837
29.0,14.71133100414575,6.220302375809935,15.550755939524837
29.5,14.521679619561768,6.220302375809935,15.550755939524837
30.0,14.335529391077253,6.220302375809935,15.550755939524837
30.5,14.152790962277054,6.220302375809935,15.550755939524837
31.0,13.975126379957251,13.980489835446102,15.550755939524837
31.5,13.949173027094025,6.220302375809935,15.550755939524837
32.0,13.918583142904382,6.220302375809935,15.550755939524837
32.5,13.875883586634236,6.220302375809935,15.550755939524837
33.0,13.821531849957086,6.220302375809935,15.550755939524837
33.5,13.755971784286222,6.220302375809935,15.550755939524837
34.0,13.679407499464533,6.220302375809935,15.550755939524837
34.5,13.591740649643818,6.220302375809935,15.550755939524837
35.0,13.492774572298174,6.220302375809935,15.550755939524837
35.5,13.382804093847454,6.220302375809935,15.550755939524837
36.0,13.26234337744712,6.220302375809935,15.550755939524837
36.5,13.131667664018181,6.220302375809935,15.550755939524837
37.0,12.98976139624548,6.220302375809935,15.550755939524837
37.5,12.835912256595698,6.220302375809935,15.550755939524837
38.0,12.67968426133638,6.220302375809935,15.550755939524837
38.5,12.526120158579978,6.220302375809935,15.550755939524837
39.0,12.375156428640354,6.220302375809935,15.550755939524837
39.5,12.226731508625106,6.220302375809935,15.550755939524837
40.0,12.080785722224949,6.220302375809935,15.550755939524837
40.5,11.93726121021414,6.220302375809935,15.550755939524837
41.0,11.796101864828339,6.220302375809935,15.550755939524837
41.5,11.6572532674251,6.220302375809935,15.550755939524837
42.0,11.520662628712163,6.220302375809935,15.550755939524837
42.5,11.386278731005786,6.220302375809935,15.550755939524837
43.0,11.254051872163942,6.220302375809935,15.550755939524837
43.5,11.123933810991621,6.220302375809935,15.550755939524837
44.0,10.995877714031215,6.220302375809935,15.550755939524837
44.5,10.869838103729464,6.220302375809935,15.550755939524837
45.0,10.745770807417005,6.220302375809935,15.550755939524837
45.5,10.623632910388086,6.220302375809935,15.550755939524837
46.0,10.503382706377936,6.220302375809935,15.550755939524837
46.5,10.384979655011424,6.220302375809935,15.550755939524837
47.0,10.26838432920235,6.220302375809935,15.550755939524837
47.5,10.153558379362762,6.220302375809935,15.550755939524837
48.0,10.040464491646503,6.220302375809935,15.550755939524837
48.5,9.929066348094453,6.220302375809935,15.550755939524837
49.0,9.819328587041042,6.220302375809935,15.550755939524837
49.5,9.711216765318872,6.220302375809935,15.550755939524837
50.0,9.60469732252172,6.220302375809935,15.550755939524837
50.5,9.499737545734497,6.220302375809935,15.550755939524837
51.0,9.396305535112345,6.220302375809935,15.550755939524837
51.5,9.294370170191646,6.220302375809935,15.550755939524837
52.0,9.19390107681956,6.220302375809935,15.550755939524837
52.5,9.094868594596514,6.220302375809935,15.550755939524837
53.0,8.99724374473578,6.220302375809935,15.550755939524837
53.5,8.900998198255474,6.220302375809935,15.550755939524837
54.0,8.806104244430227,6.220302375809935,15.550755939524837
54.5,8.712534759443084,6.220302375809935,15.550755939524837
55.0,8.620263175192148,6.220302375809935,15.550755939524837
55.5,8.52926344822193,6.220302375809935,15.550755939524837
56.0,8.439510028765596,6.220302375809935,15.550755939524837
56.5,8.35097782990249,6.220302375809935,15.550755939524837
57.0,8.263642196854635,6.220302375809935,15.550755939524837
57.5,8.17747878548488,6.220302375809935,15.550755939524837
58.0,8.092461535269743,6.220302375809935,15.550755939524837
58.5,8.00856542346369,6.220302375809935,15.550755939524837
59.0,7.925767661650708,6.220302375809935,15.550755939524837
59.5,7.844046266276477,6.220302375809935,15.550755939524837
60.0,7.763380044203576,6.220302375809935,15.04911865115307
60.5,7.6837498269061335,5.831533477321814,15.04911865115307
61.0,7.605192131313266,5.831533477321814,15.04911865115307
61.5,7.52756059509293,5.831533477321814,15.04911865115307
62.0,7.450643985084412,5.831533477321814,15.04911865115307
62.5,7.374256099923028,5.831533477321814,15.04911865115307
63.0,7.298229312533353,5.831533477321814,15.04911865115307
63.5,7.2224056535595365,5.831533477321814,15.04911865115307
64.0,7.146625642198998,5.831533477321814,15.04911865115307
64.5,7.0707151367045995,5.831533477321814,15.04911865115307
65.0,6.994470570447301,5.831533477321814,15.04911865115307
65.5,6.917643070922064,5.831533477321814,15.04911865115307
66.0,6.839922133505889,5.831533477321814,15.04911865115307
66.5,6.760919736256699,5.831533477321814,15.04911865115307
67.0,6.6801220125469705,5.831533477321814,14.967602591792657
67.5,6.596700601306484,5.831533477321814,14.967602591792657
68.0,6.5103710772280685,5.831533477321814,14.422072040688358
68.5,6.4248182130960965,5.831533477321814,14.422072040688358
69.0,6.3704628794853155,5.831533477321814,15.550755939524837
69.5,6.310263200850107,5.831533477321814,15.550755939524837
70.0,6.241405704260548,5.831533477321814,15.550755939524837
70.5,6.161438666323397,5.831533477321814,15.550755939524837
71.0,6.069580490129432,5.831533477321814,15.550755939524837
71.5,5.98293448887408,5.831533477321814,15.550755939524837
72.0,5.90077915838895,5.831533477321814,15.550755939524837
72.5,5.818725353463407,5.831533477321814,15.550755939524837
73.0,5.734533696619691,5.831533477321814,15.550755939524837
73.5,5.647218536973462,5.831533477321814,15.550755939524837
74.0,5.556579235619125,5.831533477321814,15.550755939524837
74.5,5.462821368842454,5.831533477321814,15.550755939524837
75.0,5.366386584666446,5.831533477321814,15.550755939524837
75.5,5.267938880484261,5.831533477321814,15.550755939524837
76.0,5.167391778152503,5.831533477321814,15.550755939524837
76.5,5.063807816856374,5.831533477321814,15.550755939524837
77.0,4.959106523507849,5.831533477321814,15.550755939524837
77.5,4.8560525973214705,5.831533477321814,15.550755939524837
78.0,4.755385936465379,5.831533477321814,15.550755939524837
78.5,4.6569739086537085,5.831533477321814,15.550755939524837
79.0,4.561214992805841,5.831533477321814,15.04911865115307
79.5,4.46827450621749,5.831533477321814,15.04911865115307
80.0,4.378304607440598,5.831533477321814,15.04911865115307
80.5,4.2919739112963455,5.831533477321814,15.04911865115307
81.0,4.2098306435475275,5.831533477321814,15.04911865115307
81.5,4.13234572316767,5.831533477321814,15.04911865115307
82.0,4.059902803617807,5.831533477321814,15.04911865115307
82.5,3.9927946048485405,5.831533477321814,15.04911865115307
83.0,3.9312249795508816,5.831533477321814,14.967602591792657
83.5,3.875063917671977,5.831533477321814,14.967602591792657
84.0,3.8258378362313494,5.831533477321814,15.04911865115307
84.5,3.7851870639119527,5.831533477321814,15.04911865115307
85.0,3.7498449288587774,5.831533477321814,15.04911865115307
85.5,3.7194069543138966,5.831533477321814,15.04911865115307
86.0,3.69348022129692,5.831533477321814,15.550755939524837
86.5,3.6716871423311233,5.831533477321814,15.550755939524837
87.0,3.6536582028802975,5.831533477321814,15.04911865115307
87.5,3.639029733386242,5.831533477321814,15.04911865115307
88.0,3.6274394302393986,5.831533477321814,15.04911865115307
88.5,3.61841986268604,5.831533477321814,15.04911865115307
89.0,3.611564245535768,5.831533477321814,15.04911865115307
89.5,3.606571231462389,5.831533477321814,15.04911865115307
90.0,3.6031253136026518,5.831533477321814,15.04911865115307
90.5,3.6008929283576347,5.831533477321814,15.04911865115307
91.0,3.5995206547188334,5.831533477321814,15.550755939524837
91.5,3.5986280377289996,5.831533477321814,15.550755939524837
92.0,3.5977980165304304,5.831533477321814,15.550755939524837
92.5,3.596566488140444,5.831533477321814,15.550755939524837
93.0,3.5950106320542123,5.831533477321814,15.04911865115307
93.5,3.6015887814811673,5.831533477321814,15.04911865115307
94.0,3.618536459225387,5.831533477321814,15.04911865115307
94.5,3.6453249787227815,5.831533477321814,15.04911865115307
95.0,3.6813787746697098,5.831533477321814,15.04911865115307
95.5,3.726109009598462,5.831533477321814,15.04911865115307
96.0,3.7789354489165015,5.831533477321814,15.04911865115307
96.5,3.8393229943497493,5.831533477321814,15.04911865115307
97.0,3.915516676934,5.831533477321814,15.550755939524837
97.5,4.002792319445962,5.831533477321814,15.550755939524837
98.0,4.0949942716299095,5.831533477321814,15.04911865115307
98.5,4.190255576781011,5.831533477321814,15.04911865115307
99.0,4.286922016867435,5.831533477321814,15.04911865115307
99.5,4.383722633313517,5.831533477321814,15.04911865115307
100.0,4.4796524947824725,5.831533477321814,15.04911865115307
100.5,4.573632531453023,5.831533477321814,15.04911865115307
101.0,4.6651585984405495,5.831533477321814,15.04911865115307
101.5,4.753929677951956,5.831533477321814,15.04911865115307
102.0,4.839190036735649,5.831533477321814,15.04911865115307
102.5,4.9204612371869665,5.831533477321814,15.04911865115307
103.0,4.997274016536909,5.831533477321814,15.04911865115307
103.5,5.069383399916199,5.831533477321814,15.04911865115307
104.0,5.136633318209259,5.831533477321814,15.04911865115307
104.5,5.198895763608256,5.831533477321814,15.04911865115307
105.0,5.255825915670377,5.831533477321814,15.04911865115307
105.5,5.307060153952779,5.831533477321814,15.04911865115307
106.0,5.353646330442019,5.831533477321814,15.04911865115307
106.5,5.396092931094386,5.831533477321814,15.04911865115307
107.0,5.434899630157247,5.831533477321814,14.967602591792657
107.5,5.462429882497875,5.831533477321814,14.967602591792657
108.0,5.470368225836366,5.831533477321814,14.422072040688358
108.5,5.469957574002792,5.831533477321814,14.422072040688358
109.0,5.465928289827073,5.831533477321814,14.422072040688358
109.5,5.460468121575866,5.831533477321814,14.422072040688358
110.0,5.472985266110413,5.831533477321814,15.04911865115307
110.5,5.487611455383454,5.831533477321814,15.04911865115307
111.0,5.505996744805769,5.831533477321814,15.04911865115307
111.5,5.525484485106243,5.831533477321814,15.04911865115307
112.0,5.544387794462577,5.831533477321814,15.04911865115307
112.5,5.564787871622563,5.831533477321814,15.04911865115307
113.0,5.579587504935915,5.831533477321814,15.04911865115307
113.5,5.588855991295613,5.831533477321814,15.04911865115307
114.0,5.593344992410217,5.831533477321814,15.550755939524837
114.5,5.593573733709559,5.831533477321814,15.550755939524837
115.0,5.589904587418096,5.831533477321814,15.550755939524837
115.5,5.582975938749381,5.831533477321814,15.550755939524837
116.0,5.573576435197669,5.831533477321814,15.550755939524837
116.5,5.562848755056176,5.831533477321814,15.550755939524837
117.0,5.555388456534432,5.831533477321814,15.04911865115307
117.5,5.550533509314002,5.831533477321814,15.04911865115307
118.0,5.547469372170422,5.831533477321814,15.04911865115307
118.5,5.545799725547387,5.831533477321814,15.04911865115307
119.0,5.545238330093902,5.831533477321814,15.04911865115307
119.5,5.545585354789137,5.831533477321814,15.04911865115307
120.0,5.546721022955802,5.831533477321814,15.04911865115307
120.5,5.548551522073682,5.831533477321814,15.04911865115307
121.0,5.550909509746898,5.831533477321814,15.04911865115307
121.5,5.553876922491701,5.831533477321814,15.04911865115307
122.0,5.557392881592881,5.831533477321814,15.04911865115307
122.5,5.561400025883113,5.831533477321814,15.04911865115307
123.0,5.565843606207373,5.831533477321814,15.04911865115307
123.5,5.570674753698705,5.831533477321814,15.04911865115307
124.0,5.575845779954612,5.831533477321814,15.550755939524837
124.5,5.581308483145909,5.831533477321814,15.550755939524837
125.0,5.586940554100806,5.831533477321814,15.550755939524837
125.5,5.592605004161853,5.831533477321814,15.550755939524837
126.0,5.59673229959492,5.831533477321814,15.550755939524837
126.5,5.588504181852185,5.831533477321814,15.550755939524837
127.0,5.579701348241311,5.831533477321814,15.550755939524837
127.5,5.575076378593193,5.831533477321814,15.550755939524837
128.0,5.570209340708931,5.831533477321814,15.550755939524837
128.5,5.563604640989841,5.831533477321814,15.550755939524837
129.0,5.557716556836302,5.831533477321814,15.550755939524837
129.5,5.5527559945405764,5.831533477321814,15.550755939524837
130.0,5.5454633502862745,5.831533477321814,15.550755939524837
130.5,5.539761464144814,5.831533477321814,15.550755939524837
131.0,5.534729953428944,5.831533477321814,15.550755939524837
131.5,5.530991087185781,5.831533477321814,15.550755939524837
132.0,5.523798895265512,5.831533477321814,15.550755939524837
132.5,5.519073497494597,5.831533477321814,15.550755939524837
133.0,5.514923896134059,5.831533477321814,15.550755939524837
133.5,5.510303271288861,5.831533477321814,15.550755939524837
134.0,5.506793439217087,5.831533477321814,15.550755939524837
134.5,5.502401722777931,5.831533477321814,15.550755939524837
135.0,5.4990671125653385,5.831533477321814,15.550755939524837
135.5,5.495300838074415,5.831533477321814,15.550755939524837
136.0,5.491935452247954,5.831533477321814,15.550755939524837
136.5,5.487917593729312,5.831533477321814,15.550755939524837
137.0,5.485355243288715,5.831533477321814,15.550755939524837
137.5,5.4814093336366,5.831533477321814,15.550755939524837
138.0,5.479355575890994,5.831533477321814,15.550755939524837
138.5,5.477614780715234,5.831533477321814,15.550755939524837
139.0,5.473100413514142,5.831533477321814,15.550755939524837
139.5,5.4719137942910345,5.831533477321814,15.550755939524837
140.0,5.470895398058995,5.831533477321814,15.550755939524837
140.5,5.466968130205959,5.831533477321814,15.550755939524837
141.0,5.466690870927826,5.831533477321814,15.550755939524837
141.5,5.463076682183315,5.831533477321814,15.550755939524837
142.0,5.468235087122185,5.831533477321814,15.550755939524837
142.5,5.4775884727743795,5.831533477321814,15.550755939524837
143.0,5.487099949285739,5.831533477321814,15.550755939524837
143.5,5.496733798798018,5.831533477321814,15.550755939524837
144.0,5.506466386542302,5.831533477321814,15.550755939524837
144.5,5.516277618773136,5.831533477321814,15.550755939524837
145.0,5.526149744364903,5.831533477321814,15.550755939524837
145.5,5.536066952441792,5.831533477321814,15.550755939524837
146.0,5.546015673590531,5.831533477321814,15.550755939524837
146.5,5.555982707144586,5.831533477321814,15.550755939524837
147.0,5.5659557617110575,5.831533477321814,15.550755939524837
147.5,5.57592359944466,5.831533477321814,15.550755939524837
148.0,5.585875487406826,5.831533477321814,15.550755939524837
148.5,5.595802136265587,5.831533477321814,15.550755939524837
149.0,5.605693698190908,5.831533477321814,15.550755939524837
149.5,5.615513670896792,5.831533477321814,15.550755939524837
150.0,5.625312306686244,5.831533477321814,15.550755939524837
150.5,5.63507191372833,5.831533477321814,15.550755939524837
151.0,5.6447790402053055,5.831533477321814,15.550755939524837
151.5,5.654424539199474,5.831533477321814,15.550755939524837
152.0,5.6639991911321035,5.831533477321814,15.550755939524837
152.5,5.673498989051321,5.831533477321814,15.550755939524837
153.0,5.682922845322865,5.831533477321814,15.550755939524837
153.5,5.69226662163608,5.831533477321814,15.550755939524837
154.0,5.701559505291747,5.831533477321814,15.550755939524837
154.5,5.710747269965608,5.831533477321814,15.550755939524837
155.0,5.719842305416698,5.831533477321814,15.550755939524837
155.5,5.7288431773299155,5.831533477321814,15.550755939524837
156.0,5.737746797077096,5.831533477321814,15.550755939524837
156.5,5.7465580915413454,5.831533477321814,15.550755939524837
157.0,5.75527000124251,5.831533477321814,15.550755939524837
157.5,5.763887967308035,5.831533477321814,15.550755939524837
158.0,5.7724077895296295,5.831533477321814,15.550755939524837
158.5,5.780833823125867,5.831533477321814,15.550755939524837
159.0,5.789165328153542,5.831533477321814,15.550755939524837
159.5,5.797399505318929,5.831533477321814,15.550755939524837
160.0,5.805538040309318,5.831533477321814,15.550755939524837
160.5,5.813587268391234,5.831533477321814,15.550755939524837
161.0,5.821537744759422,5.831533477321814,15.550755939524837
161.5,5.82940051692751,5.831533477321814,15.550755939524837
162.0,5.837164080759733,5.831533477321814,15.550755939524837
162.5,5.84477367933012,5.831533477321814,15.550755939524837
163.0,5.852300134942585,5.831533477321814,15.550755939524837
163.5,5.8597663653797545,5.831533477321814,15.550755939524837
164.0,5.867163253301962,5.831533477321814,15.550755939524837
164.5,5.874597476531491,6.220302375809935,15.550755939524837
165.0,5.884636923406544,6.220302375809935,15.550755939524837
165.5,5.894552445312718,6.220302375809935,15.550755939524837
166.0,5.904352993739389,6.220302375809935,15.550755939524837
166.5,5.914033917353378,6.220302375809935,15.550755939524837
167.0,5.923594287366524,6.220302375809935,15.550755939524837
167.5,5.933035466120332,6.220302375809935,15.550755939524837
168.0,5.942358981891911,6.220302375809935,15.550755939524837
168.5,5.95156357516824,6.220302375809935,15.550755939524837
169.0,5.96065175808449,6.220302375809935,15.550755939524837
169.5,5.969629543590371,6.220302375809935,15.550755939524837
170.0,5.978498284771983,6.220302375809935,15.550755939524837
170.5,5.987258398999921,6.220302375809935,15.550755939524837
171.0,5.995911271600252,6.220302375809935,15.550755939524837
171.5,6.004457590347996,6.220302375809935,15.550755939524837
172.0,6.0128987468423185,6.220302375809935,15.550755939524837
172.5,6.021235506986542,6.220302375809935,15.550755939524837
173.0,6.029469554131053,6.220302375809935,15.550755939524837
173.5,6.037601883994442,6.220302375809935,15.550755939524837
174.0,6.045633957930551,6.220302375809935,15.550755939524837
174.5,6.053566697934494,6.220302375809935,15.550755939524837
175.0,6.061401508848258,6.220302375809935,15.550755939524837
175.5,6.069139017565779,6.220302375809935,15.550755939524837
176.0,6.0767807372703295,6.220302375809935,15.550755939524837
176.5,6.084327881038007,6.220302375809935,15.550755939524837
177.0,6.091781608153946,6.220302375809935,15.550755939524837
177.5,6.099143232717402,6.220302375809935,15.550755939524837
178.0,6.106413232959297,6.220302375809935,15.550755939524837
178.5,6.113593229422284,6.220302375809935,15.550755939524837
179.0,6.120655154220719,6.120402258190981,15.550755939524837
179.5,6.126964541155699,6.220302375809935,15.550755939524837
180.0,6.133889232637832,6.220302375809935,15.550755939524837
180.5,6.140728050060602,6.220302375809935,15.550755939524837
181.0,6.147481804580782,6.220302375809935,15.550755939524837
181.5,6.15415284648947,6.220302375809935,15.550755939524837
182.0,6.160740567899875,6.220302375809935,15.550755939524837
182.5,6.167245853806537,6.220302375809935,15.550755939524837
183.0,6.173669730173933,6.220302375809935,15.550755939524837
183.5,6.180012487513463,6.220302375809935,15.550755939524837
184.0,6.186275287989833,6.220302375809935,15.550755939524837
184.5,6.19245954806877,6.220302375809935,15.550755939524837
185.0,6.198567489373936,6.220302375809935,15.550755939524837
185.5,6.2045988340873865,6.220302375809935,15.550755939524837
186.0,6.210555697447086,6.220302375809935,15.550755939524837
186.5,6.2164378449705175,6.220302375809935,15.550755939524837
187.0,6.222246537424642,6.220302375809935,15.550755939524837
187.5,6.22798291893291,6.220302375809935,15.550755939524837
188.0,6.233647174596991,6.220302375809935,15.550755939524837
188.5,6.239240831808281,6.220302375809935,15.550755939524837
189.0,6.2447644111391725,6.220302375809935,15.550755939524837
189.5,6.250218800505876,6.220302375809935,15.550755939524837
190.0,6.255604819294197,6.220302375809935,15.550755939524837
190.5,6.260923242892846,6.220302375809935,15.550755939524837
191.0,6.266175153342721,6.220302375809935,15.550755939524837
191.5,6.27136105832491,6.220302375809935,15.550755939524837
192.0,6.276481841841825,6.220302375809935,15.550755939524837
192.5,6.28153810300536,6.220302375809935,15.550755939524837
193.0,6.286530906229074,6.220302375809935,15.550755939524837
193.5,6.291460885671164,6.220302375809935,15.550755939524837
194.0,6.29632898042925,6.220302375809935,15.550755939524837
194.5,6.301135809431149,6.220302375809935,15.550755939524837
195.0,6.305882132897535,6.220302375809935,15.550755939524837
195.5,6.31056866345341,6.220302375809935,15.550755939524837
196.0,6.315196220240016,6.220302375809935,15.550755939524837
196.5,6.319765511946086,6.220302375809935,15.550755939524837
197.0,6.324277082870821,6.220302375809935,15.550755939524837
197.5,6.32873177217823,6.220302375809935,15.550755939524837
198.0,6.333130231975519,6.220302375809935,15.550755939524837
198.5,6.337473198421905,6.220302375809935,15.550755939524837
199.0,6.3417613120840715,6.220302375809935,15.550755939524837
199.5,6.345995293781278,6.220302375809935,15.550755939524837
200.0,6.3501757906222975,6.220302375809935,15.550755939524837
200.5,6.354303451717896,6.220302375809935,15.550755939524837
201.0,6.358378934141248,6.220302375809935,15.550755939524837
201.5,6.362402884494482,6.220302375809935,15.550755939524837
202.0,6.36637592443368,6.220302375809935,15.550755939524837
202.5,6.3702986645250474,6.220302375809935,15.550755939524837
203.0,6.374171738581948,6.220302375809935,15.550755939524837
203.5,6.377995787729309,6.220302375809935,15.550755939524837
204.0,6.381771365638377,6.220302375809935,15.550755939524837
204.5,6.385499108400983,6.220302375809935,15.550755939524837
205.0,6.389179575864423,6.220302375809935,15.550755939524837
205.5,6.392813362916283,6.220302375809935,15.550755939524837
206.0,6.396401058309788,6.220302375809935,15.550755939524837
206.5,6.399943200706397,6.220302375809935,15.550755939524837
207.0,6.403440374281746,6.220302375809935,15.550755939524837
207.5,6.406893104074332,6.220302375809935,15.550755939524837
208.0,6.410301957298822,6.220302375809935,15.550755939524837
208.5,6.413667536119539,6.220302375809935,15.550755939524837
209.0,6.4169902903168525,6.220302375809935,15.550755939524837
209.5,6.420270752179292,6.220302375809935,15.550755939524837
210.0,6.423509493168661,6.220302375809935,15.550755939524837
210.5,6.426706997838488,6.220302375809935,15.550755939524837
211.0,6.429863745417987,6.220302375809935,15.550755939524837
211.5,6.43298023385062,6.220302375809935,15.550755939524837
212.0,6.436056971910466,6.220302375809935,15.550755939524837
212.5,6.439094407555653,6.220302375809935,15.550755939524837
213.0,6.442093117031093,6.220302375809935,15.550755939524837
213.5,6.445053463705298,6.220302375809935,15.550755939524837
214.0,6.447975880892682,6.220302375809935,15.550755939524837
214.5,6.450803250490576,6.220302375809935,15.550755939524837
215.0,6.449655676994337,6.220302375809935,15.550755939524837
215.5,6.444175744689042,6.220302375809935,15.550755939524837
216.0,6.4364524621263,6.220302375809935,15.550755939524837
216.5,6.432974841480467,6.220302375809935,15.550755939524837
217.0,6.435959975652733,6.220302375809935,15.550755939524837
217.5,6.438913195012581,6.220302375809935,15.550755939524837
218.0,6.4417856333769885,6.220302375809935,15.550755939524837
218.5,6.444550702792108,6.220302375809935,15.550755939524837
219.0,6.447181337968467,6.220302375809935,15.550755939524837
219.5,6.449689228591595,6.220302375809935,15.550755939524837
220.0,6.4520942397949685,6.220302375809935,15.550755939524837
220.5,6.4544034699557145,6.220302375809935,15.550755939524837
221.0,6.456631692301489,6.220302375809935,15.550755939524837
221.5,6.458786850938395,6.220302375809935,15.550755939524837
222.0,6.460882868884535,6.220302375809935,15.550755939524837
222.5,6.4629226129330855,6.220302375809935,15.550755939524837
223.0,6.4649246665326965,6.220302375809935,15.550755939524837
223.5,6.466884575675455,6.220302375809935,15.550755939524837
224.0,6.468806985499292,6.220302375809935,15.550755939524837
224.5,6.4707135675613525,6.220302375809935,15.550755939524837
225.0,6.472601784123897,6.220302375809935,15.550755939524837
225.5,6.4744780282162315,6.220302375809935,15.550755939524837
226.0,6.476343048428458,6.220302375809935,15.550755939524837
226.5,6.478199335312638,6.220302375809935,15.550755939524837
227.0,6.480049285401108,6.220302375809935,15.550755939524837
227.5,6.481881514088629,6.220302375809935,15.550755939524837
228.0,6.483770274304289,6.4836249305760125,15.550755939524837
228.5,6.487205047737144,6.220302375809935,15.550755939524837
229.0,6.488974782182125,6.220302375809935,15.550755939524837
229.5,6.490816750254712,6.220302375809935,15.550755939524837
230.0,6.492664085761346,6.220302375809935,15.550755939524837
230.5,6.494488773920211,6.220302375809935,15.550755939524837
231.0,6.496280214046674,6.220302375809935,15.550755939524837
231.5,6.498033728329655,6.220302375809935,15.550755939524837
232.0,6.499744805870582,6.220302375809935,15.550755939524837
232.5,6.501404726421864,6.220302375809935,15.550755939524837
233.0,6.503006473078691,6.220302375809935,15.550755939524837
233.5,6.504542801368211,6.220302375809935,15.550755939524837
234.0,6.505987553824723,6.220302375809935,15.550755939524837
234.5,6.507284011384198,6.220302375809935,15.550755939524837
235.0,6.508405707366312,6.220302375809935,15.550755939524837
235.5,6.509387970177408,6.220302375809935,15.550755939524837
236.0,6.510269961749887,6.220302375809935,15.550755939524837
236.5,6.511067904348219,6.220302375809935,15.550755939524837
237.0,6.511792992364767,6.220302375809935,15.550755939524837
237.5,6.512462110245866,6.220302375809935,15.550755939524837
238.0,6.513082039021757,6.220302375809935,15.550755939524837
238.5,6.513659457775522,6.220302375809935,15.550755939524837
239.0,6.514210494604298,6.220302375809935,15.550755939524837
239.5,6.514737891751397,6.220302375809935,15.550755939524837
240.0,6.515263739427951,6.220302375809935,15.550755939524837
240.5,6.515776044377133,6.220302375809935,15.550755939524837
241.0,6.516287201764462,6.220302375809935,15.550755939524837
241.5,6.516807478805081,6.220302375809935,15.550755939524837
242.0,6.517342217836308,6.220302375809935,15.550755939524837
242.5,6.517897677376312,6.220302375809935,15.550755939524837
243.0,6.518471728843947,6.220302375809935,15.550755939524837
243.5,6.519068980101278,6.220302375809935,15.550755939524837
244.0,6.5197002007551434,6.220302375809935,15.04911865115307
244.5,6.520307818109882,6.520332365264772,15.04911865115307
245.0,6.517404863062865,6.220302375809935,15.04911865115307
245.5,6.510482406464896,6.220302375809935,15.04911865115307
246.0,6.511105855594116,6.220302375809935,15.04911865115307
246.5,6.512158576479158,6.220302375809935,15.04911865115307
247.0,6.5134672256226125,6.220302375809935,15.04911865115307
247.5,6.514922297509332,6.220302375809935,15.04911865115307
248.0,6.516386356584276,6.220302375809935,15.04911865115307
248.5,6.517838046483661,6.220302375809935,15.04911865115307
249.0,6.519276686671547,6.220302375809935,15.04911865115307
249.5,6.520710616064551,6.220302375809935,15.04911865115307
250.0,6.522146711486512,6.220302375809935,15.04911865115307
250.5,6.523581990579095,6.220302375809935,15.04911865115307
251.0,6.525024818221432,6.220302375809935,15.04911865115307
251.5,6.5264698981094975,6.220302375809935,15.04911865115307
252.0,6.527921628318575,6.220302375809935,15.04911865115307
252.5,6.529383672868593,6.220302375809935,15.04911865115307
253.0,6.530857463364898,6.220302375809935,15.04911865115307
253.5,6.5323379632743,6.220302375809935,15.04911865115307
254.0,6.533827989147131,6.220302375809935,15.04911865115307
254.5,6.535328003649149,6.220302375809935,15.04911865115307
255.0,6.536845752007222,6.220302375809935,15.04911865115307
255.5,6.538365240745909,6.220302375809935,15.04911865115307
256.0,6.539882881413148,6.220302375809935,15.04911865115307
256.5,6.541410842218888,6.220302375809935,15.04911865115307
257.0,6.542939806817415,6.220302375809935,15.04911865115307
257.5,6.544482665932936,6.220302375809935,15.04911865115307
258.0,6.546028355710838,6.220302375809935,15.04911865115307
258.5,6.547564654655188,6.220302375809935,15.04911865115307
259.0,6.549091841508874,6.220302375809935,15.04911865115307
259.5,6.55061157381093,6.220302375809935,15.04911865115307
260.0,6.552118659853638,6.220302375809935,15.04911865115307
260.5,6.553612067308996,6.220302375809935,15.04911865115307
261.0,6.555091741936683,6.220302375809935,15.550755939524837
261.5,6.556554634725371,6.220302375809935,15.550755939524837
262.0,6.557794637840607,6.220302375809935,15.550755939524837
262.5,6.558137336288829,6.220302375809935,15.550755939524837
263.0,6.559320846034358,6.220302375809935,15.550755939524837
263.5,6.560598387934469,6.220302375809935,15.550755939524837
264.0,6.56194105666017,6.220302375809935,15.550755939524837
264.5,6.563320750763451,6.220302375809935,15.550755939524837
265.0,6.564710359158393,6.220302375809935,15.550755939524837
265.5,6.566089065083097,6.220302375809935,15.550755939524837
266.0,6.567440223829479,6.220302375809935,15.550755939524837
266.5,6.568752153050079,6.220302375809935,15.550755939524837
267.0,6.570016379203865,6.220302375809935,15.550755939524837
267.5,6.571219153726518,6.220302375809935,15.550755939524837
268.0,6.572369827935866,6.220302375809935,15.550755939524837
268.5,6.573468953716131,6.220302375809935,15.550755939524837
269.0,6.574519049642465,6.220302375809935,15.550755939524837
269.5,6.575524948317447,6.220302375809935,15.550755939524837
270.0,6.57649110351229,6.220302375809935,15.550755939524837
270.5,6.5774210415674785,6.220302375809935,15.550755939524837
271.0,6.578321992457653,6.220302375809935,15.550755939524837
271.5,6.579199860201375,6.220302375809935,15.550755939524837
272.0,6.580054870207223,6.220302375809935,15.550755939524837
272.5,6.580892159845071,6.220302375809935,15.550755939524837
273.0,6.581708451844377,6.220302375809935,15.550755939524837
273.5,6.582515975140268,6.220302375809935,15.550755939524837
274.0,6.583316727673874,6.220302375809935,15.550755939524837
274.5,6.584217491970918,6.584079478073545,15.550755939524837
275.0,6.587538671798647,6.220302375809935,15.550755939524837
275.5,6.58827758405516,6.220302375809935,15.550755939524837
276.0,6.589017688895111,6.220302375809935,15.550755939524837
276.5,6.589757007555926,6.220302375809935,15.550755939524837
277.0,6.590496137308277,6.220302375809935,15.550755939524837
277.5,6.591235892865807,6.220302375809935,15.550755939524837
278.0,6.5919753169466855,6.220302375809935,15.550755939524837
278.5,6.592714494901099,6.220302375809935,15.550755939524837
279.0,6.593453625223456,6.220302375809935,15.550755939524837
279.5,6.594192447092098,6.220302375809935,15.550755939524837
280.0,6.594928573948464,6.220302375809935,15.550755939524837
280.5,6.59566264955435,6.220302375809935,15.550755939524837
281.0,6.59639605233529,6.220302375809935,15.550755939524837
281.5,6.597126418337765,6.220302375809935,15.550755939524837
282.0,6.59785288783257,6.220302375809935,15.550755939524837
282.5,6.598577222662968,6.220302375809935,15.550755939524837
283.0,6.599298751542106,6.220302375809935,15.550755939524837
283.5,6.600012637230297,6.220302375809935,15.550755939524837
284.0,6.600716708164635,6.220302375809935,15.550755939524837
284.5,6.6014208230093,6.220302375809935,15.550755939524837
285.0,6.602117209700855,6.220302375809935,15.550755939524837
285.5,6.602801018322673,6.220302375809935,15.550755939524837
286.0,6.603474464258758,6.220302375809935,15.550755939524837
286.5,6.604140832385599,6.220302375809935,15.550755939524837
287.0,6.60479289905462,6.220302375809935,15.550755939524837
287.5,6.605437822679011,6.220302375809935,15.550755939524837
288.0,6.606069086047722,6.220302375809935,15.550755939524837
288.5,6.6066837395726195,6.220302375809935,15.550755939524837
289.0,6.607289255738786,6.220302375809935,15.550755939524837
289.5,6.607880757893999,6.220302375809935,15.550755939524837
290.0,6.608455117395986,6.220302375809935,15.550755939524837
290.5,6.609019433214693,6.220302375809935,15.550755939524837
291.0,6.609568814857189,6.220302375809935,15.550755939524837
291.5,6.61010563025287,6.220302375809935,15.550755939524837
292.0,6.610621013752555,6.220302375809935,15.550755939524837
292.5,6.61112416170409,6.220302375809935,15.550755939524837
293.0,6.61064803795339,6.220302375809935,15.550755939524837
293.5,6.607323202934747,6.220302375809935,15.550755939524837
294.0,6.60784138442658,6.220302375809935,15.550755939524837
294.5,6.608343102158991,6.220302375809935,15.550755939524837
295.0,6.608830270256451,6.220302375809935,15.550755939524837
295.5,6.609296310132311,6.220302375809935,15.550755939524837
296.0,6.609740183216833,6.220302375809935,15.550755939524837
296.5,6.610168824826287,6.220302375809935,15.550755939524837
297.0,6.610565620461059,6.220302375809935,15.550755939524837
297.5,6.6109345347870185,6.220302375809935,15.550755939524837
298.0,6.611278377109443,6.220302375809935,15.550755939524837
298.5,6.611604416765563,6.220302375809935,15.550755939524837
299.0,6.611914805416016,6.220302375809935,15.550755939524837
299.5,6.612214036355163,6.220302375809935,15.550755939524837
300.0,6.607740448600891,6.220302375809935,15.550755939524837
300.5,6.60809805396016,6.220302375809935,15.550755939524837
301.0,6.608454228053942,6.220302375809935,15.04911865115307
301.5,6.608781416201114,6.608803089770013,15.04911865115307
302.0,6.606509310911025,6.220302375809935,15.04911865115307
302.5,6.600233354710779,6.220302375809935,15.04911865115307
303.0,6.593869554238417,6.220302375809935,15.04911865115307
303.5,6.594302555223138,6.220302375809935,15.04911865115307
304.0,6.594937032995053,6.220302375809935,15.04911865115307
304.5,6.595699189919153,6.220302375809935,15.04911865115307
305.0,6.596543162546801,6.220302375809935,15.04911865115307
305.5,6.597434925027913,6.220302375809935,15.04911865115307
306.0,6.59835309935829,6.220302375809935,15.04911865115307
306.5,6.599289372427192,6.220302375809935,15.04911865115307
307.0,6.600225033195508,6.220302375809935,15.04911865115307
307.5,6.601154942016662,6.220302375809935,15.04911865115307
308.0,6.602076437865014,6.220302375809935,15.04911865115307
308.5,6.602987935822103,6.220302375809935,15.04911865115307
309.0,6.603766696618633,6.220302375809935,15.04911865115307
309.5,6.603037220445373,6.220302375809935,15.04911865115307
310.0,6.603543900645815,6.220302375809935,15.04911865115307
310.5,6.604322845131861,6.220302375809935,15.04911865115307
311.0,6.60514607670223,6.220302375809935,15.04911865115307
311.5,6.605979964942699,6.220302375809935,15.04911865115307
312.0,6.606794943467993,6.220302375809935,15.04911865115307
312.5,6.6075717774766805,6.220302375809935,15.04911865115307
313.0,6.60829168089732,6.220302375809935,15.550755939524837
313.5,6.6089395990838495,6.220302375809935,15.550755939524837
314.0,6.60955564054023,6.220302375809935,15.550755939524837
314.5,6.610068618697997,6.220302375809935,15.550755939524837
315.0,6.610455508562622,6.220302375809935,15.550755939524837
315.5,6.610743528623958,6.220302375809935,15.550755939524837
316.0,6.610942881493931,6.220302375809935,15.550755939524837
316.5,6.611067405597768,6.220302375809935,15.550755939524837
317.0,6.611121762017234,6.220302375809935,15.550755939524837
317.5,6.611124323250424,6.220302375809935,15.550755939524837
318.0,6.611083084045582,6.220302375809935,15.550755939524837
318.5,6.611010191749803,6.220302375809935,15.550755939524837
319.0,6.6109165301150865,6.220302375809935,15.550755939524837
319.5,6.610813113132654,6.220302375809935,15.550755939524837
320.0,6.610704391576765,6.220302375809935,15.550755939524837
320.5,6.610601497108822,6.220302375809935,15.550755939524837
321.0,6.6105053174101185,6.220302375809935,15.550755939524837
321.5,6.610532776802296,6.6104261115210745,15.550755939524837
322.0,6.613015721363086,6.220302375809935,15.550755939524837
322.5,6.612871343665955,6.220302375809935,15.550755939524837
323.0,6.612805879737313,6.220302375809935,15.550755939524837
323.5,6.612804872741054,6.220302375809935,15.550755939524837
324.0,6.612854461831656,6.220302375809935,15.550755939524837
324.5,6.612948837922542,6.220302375809935,15.550755939524837
325.0,6.613078580762274,6.220302375809935,15.550755939524837
325.5,6.613242256411322,6.220302375809935,15.550755939524837
326.0,6.612463407144753,6.220302375809935,15.550755939524837
326.5,6.608865050982253,6.220302375809935,15.550755939524837
327.0,6.609130632446582,6.220302375809935,15.550755939524837
327.5,6.609420510224916,6.220302375809935,15.550755939524837
328.0,6.609713554212537,6.220302375809935,15.550755939524837
328.5,6.610011216652226,6.220302375809935,15.550755939524837
329.0,6.610297152809597,6.220302375809935,15.550755939524837
329.5,6.610571797766559,6.220302375809935,15.550755939524837
330.0,6.610843969408103,6.220302375809935,15.550755939524837
330.5,6.611096088716934,6.220302375809935,15.550755939524837
331.0,6.611329143581412,6.220302375809935,15.550755939524837
331.5,6.6115390447792635,6.220302375809935,15.550755939524837
332.0,6.611734435188061,6.220302375809935,15.550755939524837
332.5,6.611896219889805,6.220302375809935,15.550755939524837
333.0,6.6120412140867035,6.220302375809935,15.550755939524837
333.5,6.612151289145169,6.220302375809935,15.550755939524837
334.0,6.612194917233259,6.220302375809935,15.550755939524837
334.5,6.612176113807471,6.220302375809935,15.550755939524837
335.0,6.612111258409788,6.220302375809935,15.550755939524837
335.5,6.612010928612073,6.220302375809935,15.550755939524837
336.0,6.611883596588162,6.220302375809935,15.550755939524837
336.5,6.611737904042615,6.220302375809935,15.550755939524837
337.0,6.611583208235002,6.220302375809935,15.550755939524837
337.5,6.6114309001974085,6.220302375809935,15.550755939524837
338.0,6.6112851468236045,6.220302375809935,15.550755939524837
338.5,6.6111454547287565,6.220302375809935,15.550755939524837
339.0,6.611021371022896,6.220302375809935,15.550755939524837
339.5,6.610914364635501,6.220302375809935,15.550755939524837
340.0,6.610828592189133,6.220302375809935,15.550755939524837
340.5,6.610769206254941,6.220302375809935,15.550755939524837
341.0,6.610735862662316,6.220302375809935,15.550755939524837
341.5,6.610726725581925,6.220302375809935,15.550755939524837
342.0,6.610743626170907,6.220302375809935,15.550755939524837
342.5,6.610788738338288,6.220302375809935,15.550755939524837
343.0,6.610865815040041,6.220302375809935,15.550755939524837
343.5,6.610968914100322,6.220302375809935,15.550755939524837
344.0,6.611099611064097,6.220302375809935,15.550755939524837
344.5,6.611259827338383,6.220302375809935,15.550755939524837
345.0,6.611447746046083,6.220302375809935,15.550755939524837
345.5,6.6116620296247515,6.220302375809935,15.550755939524837
346.0,6.611905224992173,6.220302375809935,15.04911865115307
346.5,6.6121380814814295,6.61216303025197,15.04911865115307
347.0,6.609804450260582,6.220302375809935,15.04911865115307
347.5,6.60353202898574,6.220302375809935,15.04911865115307
348.0,6.600741010243862,6.220302375809935,15.04911865115307
348.5,6.601135133391768,6.220302375809935,15.04911865115307
349.0,6.601731972995787,6.220302375809935,15.04911865115307
349.5,6.602452234200873,6.220302375809935,15.04911865115307
350.0,6.603245262620251,6.220302375809935,15.04911865115307
350.5,6.604077672841114,6.220302375809935,15.04911865115307
351.0,6.604936244465351,6.220302375809935,15.04911865115307
351.5,6.6057957572875186,6.220302375809935,15.04911865115307
352.0,6.60665090188535,6.220302375809935,14.967602591792657
352.5,6.607498704183867,6.220302375809935,14.967602591792657
353.0,6.608337509643463,6.220302375809935,14.422072040688358
353.5,6.609279421758281,6.609131913067499,14.422072040688358
354.0,6.611218998213512,6.220302375809935,14.967602591792657
354.5,6.604011913314096,6.220302375809935,14.967602591792657
355.0,6.601146907655127,6.220302375809935,14.967602591792657
355.5,6.594317742211532,6.220302375809935,14.967602591792657
356.0,6.58592937118484,6.220302375809935,14.967602591792657
356.5,6.586932523028957,6.220302375809935,14.967602591792657
357.0,6.587967249196298,6.220302375809935,14.967602591792657
357.5,6.588959990135849,6.220302375809935,14.967602591792657
358.0,6.58986835047621,6.220302375809935,14.967602591792657
358.5,6.590662093882874,6.220302375809935,14.967602591792657
359.0,6.591316852817375,6.220302375809935,15.550755939524837
359.5,6.591864151213018,6.220302375809935,15.550755939524837
360.0,6.592436096987702,6.220302375809935,15.550755939524837
360.5,6.592862595263761,6.220302375809935,15.550755939524837
361.0,6.593163721176275,6.220302375809935,15.550755939524837
361.5,6.593356800125184,6.220302375809935,15.550755939524837
362.0,6.593453927975844,6.220302375809935,15.550755939524837
362.5,6.593473155722133,6.220302375809935,15.550755939524837
363.0,6.593429600337826,6.220302375809935,15.550755939524837
363.5,6.593338083958983,6.220302375809935,15.550755939524837
364.0,6.593206954430192,6.220302375809935,15.550755939524837
364.5,6.593054840941868,6.220302375809935,15.550755939524837
365.0,6.59289680451891,6.220302375809935,15.550755939524837
365.5,6.592736512170324,6.220302375809935,15.550755939524837
366.0,6.592582143580275,6.220302375809935,15.550755939524837
366.5,6.592446969559521,6.220302375809935,15.550755939524837
367.0,6.592339214382148,6.220302375809935,15.550755939524837
367.5,6.592369664423091,6.592268215331727,15.550755939524837
368.0,6.594681744658209,6.220302375809935,15.550755939524837
368.5,6.594571788519177,6.220302375809935,15.550755939524837
369.0,6.594573797239724,6.220302375809935,15.550755939524837
369.5,6.594650434869554,6.220302375809935,15.550755939524837
370.0,6.594788968627606,6.220302375809935,15.550755939524837
370.5,6.59498673752832,6.220302375809935,15.550755939524837
371.0,6.595217227319215,6.220302375809935,15.550755939524837
371.5,6.595473804220837,6.220302375809935,15.550755939524837
372.0,6.595750730308852,6.220302375809935,15.550755939524837
372.5,6.596047092705018,6.220302375809935,15.550755939524837
373.0,6.596360611860485,6.220302375809935,15.550755939524837
373.5,6.596678310132521,6.220302375809935,15.550755939524837
374.0,6.596983231661202,6.220302375809935,15.550755939524837
374.5,6.597273167329678,6.220302375809935,15.550755939524837
375.0,6.597542807257173,6.220302375809935,15.550755939524837
375.5,6.59779040680931,6.220302375809935,15.550755939524837
376.0,6.598012254991516,6.220302375809935,15.550755939524837
376.5,6.598208341048132,6.220302375809935,15.550755939524837
377.0,6.598371013222879,6.220302375809935,15.550755939524837
377.5,6.598473826541886,6.220302375809935,15.550755939524837
378.0,6.598474476227375,6.220302375809935,15.550755939524837
378.5,6.598407776468614,6.220302375809935,15.550755939524837
379.0,6.598297431871625,6.220302375809935,15.550755939524837
379.5,6.5981474969719835,6.220302375809935,15.550755939524837
380.0,6.597974283383541,6.220302375809935,15.550755939524837
380.5,6.597784834606024,6.220302375809935,15.550755939524837
381.0,6.597586435570275,6.220302375809935,15.550755939524837
381.5,6.597392145806936,6.220302375809935,15.550755939524837
382.0,6.597210058329892,6.220302375809935,15.550755939524837
382.5,6.597039176149614,6.220302375809935,15.550755939524837
383.0,6.596874251669734,6.220302375809935,15.550755939524837
383.5,6.5967384632918025,6.220302375809935,15.550755939524837
384.0,6.596632955308397,6.220302375809935,15.550755939524837
384.5,6.596561509220437,6.220302375809935,15.550755939524837
385.0,6.596525347854628,6.220302375809935,15.550755939524837
385.5,6.596519032547599,6.220302375809935,15.550755939524837
386.0,6.5965487967124075,6.220302375809935,15.550755939524837
386.5,6.596614803594545,6.220302375809935,15.550755939524837
387.0,6.59672078095514,6.220302375809935,15.550755939524837
387.5,6.596862698776424,6.220302375809935,15.550755939524837
388.0,6.597038732721304,6.220302375809935,15.550755939524837
388.5,6.5972501226200935,6.220302375809935,15.550755939524837
389.0,6.597492674700151,6.220302375809935,15.550755939524837
389.5,6.597767510363604,6.220302375809935,15.550755939524837
390.0,6.5980726846859605,6.220302375809935,15.550755939524837
390.5,6.5984101809914835,6.220302375809935,15.550755939524837
391.0,6.598777408823969,6.220302375809935,15.550755939524837
391.5,6.599170513179605,6.220302375809935,15.550755939524837
392.0,6.599592409460989,6.220302375809935,15.550755939524837
392.5,6.6000370950694505,6.220302375809935,15.550755939524837
393.0,6.600507356359768,6.220302375809935,15.04911865115307
393.5,6.6009639000041025,6.600981052396429,15.04911865115307
394.0,6.598779548971902,6.220302375809935,15.04911865115307
394.5,6.592592430878536,6.220302375809935,15.04911865115307
395.0,6.589976323404122,6.220302375809935,15.04911865115307
395.5,6.590594031156807,6.220302375809935,15.04911865115307
396.0,6.5913956253167765,6.220302375809935,15.04911865115307
396.5,6.592301254415837,6.220302375809935,15.04911865115307
397.0,6.593264013030928,6.220302375809935,15.04911865115307
397.5,6.594257848047024,6.220302375809935,15.04911865115307
398.0,6.595259514149282,6.220302375809935,14.967602591792657
398.5,6.596254945531199,6.220302375809935,14.967602591792657
399.0,6.597240078199104,6.220302375809935,14.422072040688358
399.5,6.598324445851569,6.598174436577944,14.422072040688358
400.0,6.601890229163984,6.220302375809935,14.422072040688358
400.5,6.602723951166097,6.220302375809935,14.422072040688358
401.0,6.60360229063599,6.220302375809935,14.967602591792657
401.5,6.604442536629237,6.220302375809935,14.967602591792657
402.0,6.601791075995356,6.220302375809935,14.967602591792657
402.5,6.595231318340594,6.220302375809935,14.967602591792657
403.0,6.592882300231578,6.220302375809935,14.967602591792657
403.5,6.593826483735293,6.220302375809935,14.967602591792657
404.0,6.59474781185767,6.220302375809935,14.967602591792657
404.5,6.595596244698293,6.220302375809935,14.967602591792657
405.0,6.5963489028088995,6.220302375809935,14.967602591792657
405.5,6.596974952411913,6.220302375809935,14.967602591792657
406.0,6.597463221282076,6.220302375809935,15.550755939524837
406.5,6.597837314009556,6.220302375809935,15.550755939524837
407.0,6.598105003809105,6.220302375809935,15.550755939524837
407.5,6.598279579881687,6.220302375809935,15.550755939524837
408.0,6.598378814368452,6.220302375809935,15.550755939524837
408.5,6.59841533877021,6.220302375809935,15.550755939524837
409.0,6.598392628432967,6.220302375809935,15.550755939524837
409.5,6.598342591617485,6.220302375809935,15.550755939524837
410.0,6.598274630736294,6.220302375809935,15.550755939524837
410.5,6.598205914926226,6.220302375809935,15.550755939524837
411.0,6.598123107053199,6.220302375809935,15.550755939524837
411.5,6.5980524652756465,6.220302375809935,15.550755939524837
412.0,6.597985930396545,6.220302375809935,15.550755939524837
412.5,6.5979251332723265,6.220302375809935,15.550755939524837
413.0,6.597870239253639,6.220302375809935,15.550755939524837
413.5,6.597823032886817,6.220302375809935,15.550755939524837
414.0,6.597777755761905,6.220302375809935,15.550755939524837
414.5,6.597835150917939,6.59773242372288,15.550755939524837
415.0,6.599969767899553,6.220302375809935,15.550755939524837
415.5,6.599413029868343,6.220302375809935,15.550755939524837
416.0,6.59902905136064,6.220302375809935,15.550755939524837
416.5,6.598774760057408,6.220302375809935,15.550755939524837
417.0,6.598629411244967,6.220302375809935,15.550755939524837
417.5,6.598566165091773,6.220302375809935,15.550755939524837
418.0,6.598570747924107,6.220302375809935,15.550755939524837
418.5,6.598620936967879,6.220302375809935,15.550755939524837
419.0,6.598715876710455,6.220302375809935,15.550755939524837
419.5,6.598836950615907,6.220302375809935,15.550755939524837
420.0,6.598983703003385,6.220302375809935,15.550755939524837
420.5,6.599143768832407,6.220302375809935,15.550755939524837
421.0,6.599295779691473,6.220302375809935,15.550755939524837
421.5,6.5994416371571685,6.220302375809935,15.550755939524837
422.0,6.599564761830753,6.220302375809935,15.550755939524837
422.5,6.599660703258293,6.220302375809935,15.550755939524837
423.0,6.599729022297959,6.220302375809935,15.550755939524837
423.5,6.599743751041597,6.220302375809935,15.550755939524837
424.0,6.599634683008696,6.220302375809935,15.550755939524837
424.5,6.599454836781076,6.220302375809935,15.550755939524837
425.0,6.599218263673583,6.220302375809935,15.550755939524837
425.5,6.5989412101840585,6.220302375809935,15.550755939524837
426.0,6.59864000051145,6.220302375809935,15.550755939524837
426.5,6.598319342518694,6.220302375809935,15.550755939524837
427.0,6.597992280533134,6.220302375809935,15.550755939524837
427.5,6.597670205856627,6.220302375809935,15.550755939524837
428.0,6.5973547308593155,6.220302375809935,15.550755939524837
428.5,6.597053371145148,6.220302375809935,15.550755939524837
429.0,6.5967659203527695,6.220302375809935,15.550755939524837
429.5,6.596510542302744,6.220302375809935,15.550755939524837
430.0,6.596283543289551,6.220302375809935,15.550755939524837
430.5,6.59609484143518,6.220302375809935,15.550755939524837
431.0,6.595944980936791,6.220302375809935,15.550755939524837
431.5,6.595830783449384,6.220302375809935,15.550755939524837
432.0,6.595758222644822,6.220302375809935,15.550755939524837
432.5,6.595728879902922,6.220302375809935,15.550755939524837
433.0,6.595737283963413,6.220302375809935,15.550755939524837
433.5,6.59578161808761,6.220302375809935,15.550755939524837
434.0,6.59586382349346,6.220302375809935,15.550755939524837
434.5,6.595987472536601,6.220302375809935,15.550755939524837
435.0,6.596152783767369,6.220302375809935,15.550755939524837
435.5,6.596353969757238,6.220302375809935,15.550755939524837
436.0,6.596589025564314,6.220302375809935,15.550755939524837
436.5,6.596859747550226,6.220302375809935,15.550755939524837
437.0,6.5971648562998215,6.220302375809935,15.550755939524837
437.5,6.597500537495141,6.220302375809935,15.550755939524837
438.0,6.597868600553892,6.220302375809935,15.550755939524837
438.5,6.598266693928846,6.220302375809935,15.550755939524837
439.0,6.598692902101103,6.220302375809935,15.550755939524837
439.5,6.599144128201149,6.220302375809935,15.550755939524837
440.0,6.599622034440714,6.220302375809935,15.04911865115307
440.5,6.6001222674367295,6.220302375809935,15.04911865115307
441.0,6.600644302921137,6.220302375809935,15.04911865115307
441.5,6.601188093783861,6.220302375809935,15.04911865115307
442.0,6.601752308338999,6.220302375809935,15.04911865115307
442.5,6.602340102340792,6.220302375809935,15.04911865115307
443.0,6.602943145133393,6.220302375809935,15.04911865115307
443.5,6.603558024806435,6.220302375809935,15.04911865115307
444.0,6.604186722025794,6.220302375809935,15.04911865115307
444.5,6.604826014575814,6.220302375809935,15.04911865115307
445.0,6.605474627859637,6.220302375809935,14.967602591792657
445.5,6.606133970662128,6.220302375809935,14.967602591792657
446.0,6.606801861833418,6.220302375809935,14.422072040688358
446.5,6.607477576597954,6.220302375809935,14.422072040688358
447.0,6.608159519020048,6.220302375809935,14.422072040688358
447.5,6.608846089451676,6.220302375809935,14.422072040688358
448.0,6.609536620612446,6.220302375809935,14.422072040688358
448.5,6.605434206081167,6.220302375809935,14.422072040688358
449.0,6.606194048011609,6.220302375809935,14.422072040688358
449.5,6.606955041350548,6.220302375809935,14.422072040688358
450.0,6.607717375281442,6.220302375809935,14.422072040688358
450.5,6.608478309177495,6.220302375809935,14.422072040688358
451.0,6.609238202284066,6.220302375809935,14.967602591792657
451.5,6.605146338838019,6.220302375809935,14.967602591792657
452.0,6.6023633835427695,6.220302375809935,14.967602591792657
452.5,6.595428256482854,6.220302375809935,14.967602591792657
453.0,6.586197527643336,6.220302375809935,14.967602591792657
453.5,6.575868756060016,6.220302375809935,14.967602591792657
454.0,6.5678371390988515,6.220302375809935,14.967602591792657
454.5,6.567550439443529,6.220302375809935,14.967602591792657
455.0,6.568791531373123,6.220302375809935,15.550755939524837
455.5,6.57003610690346,6.220302375809935,15.550755939524837
456.0,6.57121589329362,6.220302375809935,15.550755939524837
456.5,6.572280945143453,6.220302375809935,15.550755939524837
457.0,6.573193815982807,6.220302375809935,15.550755939524837
457.5,6.573932177822706,6.220302375809935,15.550755939524837
458.0,6.574533115660795,6.220302375809935,15.550755939524837
458.5,6.575006507732096,6.220302375809935,15.550755939524837
459.0,6.575371490962617,6.220302375809935,15.550755939524837
459.5,6.575646298137733,6.220302375809935,15.550755939524837
460.0,6.575844105737873,6.220302375809935,15.550755939524837
460.5,6.575983922519439,6.220302375809935,15.550755939524837
461.0,6.576074198234534,6.220302375809935,15.550755939524837
461.5,6.576125830227647,6.220302375809935,15.550755939524837
462.0,6.5761469940283455,6.220302375809935,15.550755939524837
462.5,6.576136005312075,6.220302375809935,15.550755939524837
463.0,6.576092432254604,6.220302375809935,15.550755939524837
463.5,6.576025035466568,6.220302375809935,15.550755939524837
464.0,6.57593036367206,6.220302375809935,15.550755939524837
464.5,6.575790319236763,6.220302375809935,15.550755939524837
465.0,6.575541699353047,6.575596778215442,15.550755939524837
465.5,6.572097979577417,6.220302375809935,15.550755939524837
466.0,6.564341644245675,6.220302375809935,15.550755939524837
466.5,6.5630112879372495,6.220302375809935,15.550755939524837
467.0,6.562028177241865,6.220302375809935,15.550755939524837
467.5,6.5613161265669575,6.220302375809935,15.550755939524837
468.0,6.560807045070758,6.220302375809935,15.550755939524837
468.5,6.560448645226756,6.220302375809935,15.550755939524837
469.0,6.560209496224208,6.220302375809935,15.550755939524837
469.5,6.560035601946226,6.220302375809935,15.550755939524837
470.0,6.559913111118643,6.220302375809935,15.550755939524837
470.5,6.55982306403161,6.220302375809935,15.550755939524837
471.0,6.559634745846109,6.220302375809935,15.550755939524837
471.5,6.5593137861090955,6.220302375809935,15.550755939524837
472.0,6.558905114654995,6.220302375809935,15.550755939524837
472.5,6.5584273074779,6.220302375809935,15.550755939524837
473.0,6.557898829767571,6.220302375809935,15.550755939524837
473.5,6.557354584013581,6.220302375809935,15.550755939524837
474.0,6.556794765251767,6.220302375809935,15.550755939524837
474.5,6.556230894195484,6.220302375809935,15.550755939524837
475.0,6.555664089571691,6.220302375809935,15.550755939524837
475.5,6.555127179916662,6.220302375809935,15.550755939524837
476.0,6.554641277044525,6.220302375809935,15.550755939524837
476.5,6.55419302099373,6.220302375809935,15.550755939524837
477.0,6.553776916212438,6.220302375809935,15.550755939524837
477.5,6.553406461338219,6.220302375809935,15.550755939524837
478.0,6.553091568715815,6.220302375809935,15.550755939524837
478.5,6.552835377646282,6.220302375809935,15.550755939524837
479.0,6.552640441856545,6.220302375809935,15.550755939524837
479.5,6.552501259548481,6.220302375809935,15.550755939524837
480.0,6.552426755356822,6.220302375809935,15.550755939524837
480.5,6.552414286549651,6.220302375809935,15.550755939524837
481.0,6.552460716861544,6.220302375809935,15.550755939524837
481.5,6.552563252744642,6.220302375809935,15.550755939524837
482.0,6.552727351491619,6.220302375809935,15.550755939524837
482.5,6.552943418459888,6.220302375809935,15.550755939524837
483.0,6.553221663121445,6.220302375809935,15.550755939524837
483.5,6.553552965445211,6.220302375809935,15.550755939524837
484.0,6.5539368911246765,6.220302375809935,15.550755939524837
484.5,6.554371944294168,6.220302375809935,15.550755939524837
485.0,6.554853521081497,6.220302375809935,15.550755939524837
485.5,6.5553831459870935,6.220302375809935,15.550755939524837
486.0,6.555952828843449,6.220302375809935,15.550755939524837
486.5,6.556571086510703,6.220302375809935,15.550755939524837
487.0,6.557230894000977,6.220302375809935,15.550755939524837
487.5,6.557929383396442,6.220302375809935,15.550755939524837
488.0,6.558659789831731,6.220302375809935,15.04911865115307
488.5,6.559426931491716,6.220302375809935,15.04911865115307
489.0,6.560226298121312,6.220302375809935,15.04911865115307
489.5,6.561064452851855,6.220302375809935,15.04911865115307
490.0,6.5619275626863525,6.220302375809935,15.04911865115307
490.5,6.562815818743684,6.220302375809935,15.04911865115307
491.0,6.563725443431645,6.220302375809935,15.04911865115307
491.5,6.564657198801082,6.220302375809935,15.04911865115307
492.0,6.565605024759905,6.220302375809935,15.04911865115307
492.5,6.566568694154968,6.220302375809935,15.04911865115307
493.0,6.56755058372861,6.220302375809935,15.04911865115307
493.5,6.568550445285733,6.220302375809935,15.04911865115307
494.0,6.56956716651102,6.220302375809935,15.04911865115307
494.5,6.570598569329819,6.220302375809935,15.04911865115307
495.0,6.571642146197789,6.220302375809935,15.04911865115307
495.5,6.572695698922499,6.220302375809935,15.04911865115307
496.0,6.57375812655566,6.220302375809935,15.04911865115307
496.5,6.574828314413784,6.220302375809935,15.04911865115307
497.0,6.575905618482968,6.220302375809935,15.04911865115307
497.5,6.576986435548399,6.220302375809935,15.04911865115307
498.0,6.578070601973031,6.220302375809935,15.04911865115307
498.5,6.579156913809243,6.220302375809935,15.04911865115307
499.0,6.580244417037424,6.220302375809935,14.422072040688358
499.5,6.581331852706848,6.220302375809935,14.422072040688358
500.0,6.582424704706572,6.220302375809935,14.422072040688358
500.5,6.583519357147219,6.220302375809935,14.422072040688358
501.0,6.584608149396654,6.220302375809935,14.422072040688358
501.5,6.58569073896876,6.220302375809935,14.422072040688358
502.0,6.586768102390872,6.220302375809935,14.422072040688358
502.5,6.587836972319292,6.220302375809935,14.422072040688358
503.0,6.588895865140582,6.220302375809935,14.422072040688358
503.5,6.589944507652165,6.220302375809935,14.422072040688358
504.0,6.590982681375057,6.220302375809935,14.422072040688358
504.5,6.591958690334034,6.220302375809935,14.422072040688358
505.0,6.589291944391245,6.220302375809935,14.422072040688358
505.5,6.58240483158297,6.220302375809935,14.422072040688358
506.0,6.573055841841093,6.220302375809935,14.967602591792657
506.5,6.562663351280573,6.220302375809935,14.967602591792657
507.0,6.551756348378793,6.220302375809935,14.967602591792657
507.5,6.543577424771961,6.220302375809935,14.967602591792657
508.0,6.544892979531465,6.220302375809935,14.967602591792657
508.5,6.546412371606538,6.220302375809935,14.967602591792657
509.0,6.547846699207565,6.220302375809935,14.967602591792657
509.5,6.549140011236813,6.220302375809935,14.967602591792657
510.0,6.550256388510355,6.220302375809935,14.967602591792657
510.5,6.551169982627905,6.220302375809935,14.967602591792657
511.0,6.551926159278693,6.220302375809935,14.967602591792657
511.5,6.5525460414460985,6.220302375809935,14.967602591792657
512.0,6.553046848439454,6.220302375809935,14.967602591792657
512.5,6.553444575653246,6.220302375809935,14.967602591792657
513.0,6.553758332419967,6.220302375809935,14.967602591792657
513.5,6.554006864829561,6.220302375809935,14.967602591792657
514.0,6.554194465616835,6.220302375809935,14.967602591792657
514.5,6.55433622660416,6.220302375809935,14.967602591792657
515.0,6.554428894030164,6.220302375809935,14.967602591792657
515.5,6.554486085345176,6.220302375809935,14.967602591792657
516.0,6.554506925761964,6.220302375809935,14.967602591792657
516.5,6.554474843209586,6.220302375809935,14.967602591792657
517.0,6.55436474482751,6.220302375809935,14.967602591792657
517.5,6.554140586467768,6.220302375809935,14.967602591792657
518.0,6.5535922089398815,6.5536677991776005,14.967602591792657
518.5,6.549444608616123,6.220302375809935,14.967602591792657
519.0,6.540461175179689,6.220302375809935,14.967602591792657
519.5,6.529558508417607,6.220302375809935,14.967602591792657
520.0,6.5282367639034655,6.220302375809935,14.967602591792657
520.5,6.527294012914585,6.220302375809935,14.967602591792657
521.0,6.52662141828004,6.220302375809935,14.967602591792657
521.5,6.526160307590188,6.220302375809935,14.967602591792657
522.0,6.525839819016341,6.220302375809935,14.967602591792657
522.5,6.525603676018809,6.220302375809935,14.967602591792657
523.0,6.525302505545449,6.220302375809935,14.967602591792657
523.5,6.524896115467428,6.220302375809935,14.967602591792657
524.0,6.524406236639925,6.220302375809935,14.967602591792657
524.5,6.5238534998261635,6.220302375809935,14.967602591792657
525.0,6.523262644140536,6.220302375809935,14.967602591792657
525.5,6.522643690148217,6.220302375809935,14.967602591792657
526.0,6.5220336884131855,6.220302375809935,14.967602591792657
526.5,6.521432894695369,6.220302375809935,14.967602591792657
527.0,6.520865543153833,6.220302375809935,14.967602591792657
527.5,6.520327297358964,6.220302375809935,14.967602591792657
528.0,6.519832885427598,6.220302375809935,14.967602591792657
528.5,6.51936820744738,6.220302375809935,14.967602591792657
529.0,6.51897510690817,6.220302375809935,14.967602591792657
529.5,6.518643696644647,6.220302375809935,14.967602591792657
530.0,6.518384273593793,6.220302375809935,14.967602591792657
530.5,6.518197335173499,6.220302375809935,14.967602591792657
531.0,6.518082873851145,6.220302375809935,14.967602591792657
531.5,6.518039711871091,6.220302375809935,14.967602591792657
532.0,6.518070228462419,6.220302375809935,14.967602591792657
532.5,6.518174948377948,6.220302375809935,14.967602591792657
533.0,6.518355445983635,6.220302375809935,14.967602591792657
533.5,6.518601209248532,6.220302375809935,14.967602591792657
534.0,6.518918204757456,6.220302375809935,14.967602591792657
534.5,6.5193041726389716,6.220302375809935,14.967602591792657
535.0,6.519755394507153,6.220302375809935,14.967602591792657
535.5,6.52027215456765,6.220302375809935,14.967602591792657
536.0,6.520849042426013,6.220302375809935,14.967602591792657
536.5,6.521488533212869,6.220302375809935,14.967602591792657
537.0,6.522183045735999,6.220302375809935,14.967602591792657
537.5,6.5229277382572395,6.220302375809935,14.967602591792657
538.0,6.523722210493311,6.220302375809935,14.967602591792657
538.5,6.524563151419461,6.220302375809935,14.967602591792657
539.0,6.52545444329698,6.220302375809935,14.967602591792657
539.5,6.52639311673944,6.220302375809935,14.967602591792657
540.0,6.527371903247411,6.220302375809935,14.967602591792657
540.5,6.528391802442589,6.220302375809935,14.967602591792657
541.0,6.529441852013854,6.220302375809935,14.967602591792657
541.5,6.530529921895238,6.220302375809935,14.967602591792657
542.0,6.5316577044470385,6.220302375809935,14.967602591792657
542.5,6.532815060994828,6.220302375809935,14.967602591792657
543.0,6.533995350355186,6.220302375809935,14.967602591792657
543.5,6.535200786155458,6.220302375809935,14.967602591792657
544.0,6.536426838725316,6.220302375809935,14.967602591792657
544.5,6.537673168992396,6.220302375809935,14.967602591792657
545.0,6.538937311881949,6.220302375809935,14.967602591792657
545.5,6.540220138797403,6.220302375809935,14.967602591792657
546.0,6.541516201083456,6.220302375809935,14.422072040688358
546.5,6.542825756560016,6.220302375809935,14.422072040688358
547.0,6.544145656990768,6.220302375809935,14.422072040688358
547.5,6.545471890093605,6.220302375809935,14.422072040688358
548.0,6.546812373155376,6.220302375809935,14.422072040688358
548.5,6.548160358177411,6.220302375809935,14.422072040688358
549.0,6.549520682278545,6.220302375809935,14.422072040688358
549.5,6.550884651796888,6.220302375809935,14.422072040688358
550.0,6.552252876005986,6.220302375809935,14.422072040688358
550.5,6.553624765940903,6.220302375809935,14.422072040688358
551.0,6.554999856692897,6.220302375809935,14.422072040688358
551.5,6.556377140712274,6.220302375809935,14.422072040688358
552.0,6.557749921308975,6.220302375809935,14.422072040688358
552.5,6.559131579332632,6.220302375809935,14.422072040688358
553.0,6.560512634853827,6.220302375809935,14.422072040688358
553.5,6.561885234393613,6.220302375809935,14.422072040688358
554.0,6.563249262840147,6.220302375809935,14.422072040688358
554.5,6.5646056943115525,6.220302375809935,14.422072040688358
555.0,6.565950568796987,6.220302375809935,14.422072040688358
555.5,6.567226843733675,6.220302375809935,14.422072040688358
556.0,6.564618217687613,6.220302375809935,14.422072040688358
556.5,6.557638439165724,6.220302375809935,14.422072040688358
557.0,6.548155063601466,6.220302375809935,14.422072040688358
557.5,6.537767457515446,6.220302375809935,14.422072040688358
558.0,6.52698468308873,6.220302375809935,14.422072040688358
558.5,6.515980655427474,6.220302375809935,14.422072040688358
559.0,6.5132494478406135,6.220302375809935,14.422072040688358
559.5,6.515175477573363,6.220302375809935,14.422072040688358
560.0,6.517014965203376,6.220302375809935,14.422072040688358
560.5,6.518706683846144,6.220302375809935,14.422072040688358
561.0,6.520211867881301,6.220302375809935,14.422072040688358
561.5,6.521508360184588,6.220302375809935,14.422072040688358
562.0,6.522634009647862,6.220302375809935,14.422072040688358
562.5,6.523606900689084,6.220302375809935,14.422072040688358
563.0,6.524449874415918,6.220302375809935,14.422072040688358
563.5,6.525180995919232,6.220302375809935,14.422072040688358
564.0,6.525816723330732,6.220302375809935,14.422072040688358
564.5,6.526375145626957,6.220302375809935,14.422072040688358
565.0,6.526863721118588,6.220302375809935,14.422072040688358
565.5,6.527289719177543,6.220302375809935,14.422072040688358
566.0,6.527659144967598,6.220302375809935,14.422072040688358
566.5,6.527990683796871,6.220302375809935,14.422072040688358
567.0,6.528253292354646,6.220302375809935,14.422072040688358
567.5,6.528448342869404,6.220302375809935,14.422072040688358
568.0,6.528551837549814,6.220302375809935,14.422072040688358
568.5,6.528439110566755,6.220302375809935,14.422072040688358
569.0,6.527910166036995,6.527988751982495,14.422072040688358
569.5,6.523503127635089,6.220302375809935,14.422072040688358
570.0,6.514010498381268,6.220302375809935,14.422072040688358
570.5,6.502709366993382,6.220302375809935,14.422072040688358
571.0,6.501492525535791,6.220302375809935,14.422072040688358
571.5,6.500673072966105,6.220302375809935,14.422072040688358
572.0,6.50015805908508,6.220302375809935,14.422072040688358
572.5,6.499846521516582,6.220302375809935,14.422072040688358
573.0,6.499668610476697,6.220302375809935,14.422072040688358
573.5,6.499521978230927,6.220302375809935,14.422072040688358
574.0,6.49926380428771,6.220302375809935,14.422072040688358
574.5,6.498904317645565,6.220302375809935,14.422072040688358
575.0,6.498478082724351,6.220302375809935,14.422072040688358
575.5,6.49800408173836,6.220302375809935,14.422072040688358
576.0,6.4975037374323055,6.220302375809935,14.422072040688358
576.5,6.496995446155847,6.220302375809935,14.422072040688358
577.0,6.496495974293843,6.220302375809935,14.422072040688358
577.5,6.496016507366357,6.220302375809935,14.422072040688358
578.0,6.495576285818452,6.220302375809935,14.422072040688358
578.5,6.495184470345039,6.220302375809935,14.422072040688358
579.0,6.494848381379201,6.220302375809935,14.422072040688358
579.5,6.494558899117448,6.220302375809935,14.422072040688358
580.0,6.494346295922002,6.220302375809935,14.422072040688358
580.5,6.49420537166605,6.220302375809935,14.422072040688358
581.0,6.49413745089673,6.220302375809935,14.422072040688358
581.5,6.494149073953282,6.220302375809935,14.422072040688358
582.0,6.494237156129977,6.220302375809935,14.422072040688358
582.5,6.49440170329344,6.220302375809935,14.422072040688358
583.0,6.494646890224982,6.220302375809935,14.422072040688358
583.5,6.4949687183591545,6.220302375809935,14.422072040688358
584.0,6.495364817814452,6.220302375809935,14.422072040688358
584.5,6.495834244425802,6.220302375809935,14.422072040688358
585.0,6.496371079650675,6.220302375809935,14.422072040688358
585.5,6.4969781901113395,6.220302375809935,14.422072040688358
586.0,6.497657969465946,6.220302375809935,14.422072040688358
586.5,6.498396520120913,6.220302375809935,14.422072040688358
587.0,6.4992011572348725,6.220302375809935,14.422072040688358
587.5,6.500062329599958,6.220302375809935,14.422072040688358
588.0,6.500988901164785,6.220302375809935,14.422072040688358
588.5,6.501964196737106,6.220302375809935,14.422072040688358
589.0,6.502990848896277,6.220302375809935,14.422072040688358
589.5,6.504064058954829,6.220302375809935,14.422072040688358
590.0,6.505184797844367,6.220302375809935,14.422072040688358
590.5,6.506347390771528,6.220302375809935,14.422072040688358
591.0,6.507547667253877,6.220302375809935,14.422072040688358
591.5,6.508787624808321,6.220302375809935,14.422072040688358
592.0,6.51006325831213,6.220302375809935,14.422072040688358
592.5,6.511375951712714,6.220302375809935,14.422072040688358
593.0,6.512728294848537,6.220302375809935,14.422072040688358
593.5,6.514102271702064,6.220302375809935,14.422072040688358
594.0,6.515498742205366,6.220302375809935,14.422072040688358
594.5,6.51691968838675,6.220302375809935,14.422072040688358
595.0,6.518358514403019,6.220302375809935,14.422072040688358
595.5,6.519812787825287,6.220302375809935,14.422072040688358
596.0,6.521278199293014,6.220302375809935,14.422072040688358
596.5,6.522764940989475,6.220302375809935,14.422072040688358
597.0,6.524268698053196,6.220302375809935,14.422072040688358
597.5,6.525787067204508,6.220302375809935,14.422072040688358
598.0,6.52731704192471,6.220302375809935,14.422072040688358
598.5,6.5288550542131345,6.220302375809935,14.422072040688358
599.0,6.53040166929333,6.220302375809935,14.422072040688358
599.5,6.531956216961554,6.220302375809935,14.422072040688358
600.0,6.533515000614285,6.220302375809935,14.384449244060475
600.5,6.535076891277695,6.220302375809935,14.384449244060475
601.0,6.536640626932821,6.220302375809935,14.384449244060475
601.5,6.538205956810304,6.220302375809935,14.384449244060475
602.0,6.5397706160766464,6.220302375809935,14.384449244060475
602.5,6.541332314809952,6.220302375809935,14.384449244060475
603.0,6.5428924259409245,6.220302375809935,14.384449244060475
603.5,6.544457357762359,6.220302375809935,14.384449244060475
604.0,6.546024072224371,6.220302375809935,14.422072040688358
604.5,6.547580373519728,6.220302375809935,14.422072040688358
605.0,6.549156010328682,6.220302375809935,14.422072040688358
605.5,6.550675053087275,6.220302375809935,14.422072040688358
606.0,6.552112871754485,6.220302375809935,14.422072040688358
606.5,6.553496755968289,6.220302375809935,14.422072040688358
607.0,6.55486020230444,6.220302375809935,14.422072040688358
607.5,6.556231816068052,6.220302375809935,14.422072040688358
608.0,6.5576212641010745,6.220302375809935,14.422072040688358
608.5,6.559028341848889,6.220302375809935,14.422072040688358
609.0,6.560449557098442,6.220302375809935,14.384449244060475
609.5,6.5618747768567385,6.220302375809935,14.384449244060475
610.0,6.5632950503476115,6.220302375809935,14.384449244060475
610.5,6.564701232155155,6.220302375809935,14.384449244060475
611.0,6.56608568387693,6.220302375809935,14.384449244060475
611.5,6.567442757471324,6.220302375809935,14.384449244060475
612.0,6.56876426765332,6.220302375809935,14.422072040688358
612.5,6.5700408881355035,6.220302375809935,14.422072040688358
613.0,6.571280343658589,6.220302375809935,14.422072040688358
613.5,6.572482720185826,6.220302375809935,14.422072040688358
614.0,6.573648597299452,6.220302375809935,14.422072040688358
614.5,6.574782704231529,6.220302375809935,14.422072040688358
615.0,6.575887111202161,6.220302375809935,14.422072040688358
615.5,6.576964869670306,6.220302375809935,14.422072040688358
616.0,6.578018366945457,6.220302375809935,14.422072040688358
616.5,6.5790493136584995,6.220302375809935,14.422072040688358
617.0,6.580051042350935,6.19569623856431,14.422072040688358
617.5,6.580980502447457,6.580833689846207,14.422072040688358
618.0,6.584514074409199,6.220302375809935,14.422072040688358
618.5,6.585468135737039,6.220302375809935,14.422072040688358
619.0,6.586405713840788,6.220302375809935,14.422072040688358
619.5,6.587324563883704,6.220302375809935,14.422072040688358
620.0,6.588224133741805,6.220302375809935,14.422072040688358
620.5,6.589104344523766,6.220302375809935,14.422072040688358
621.0,6.589974471774182,6.220302375809935,14.384449244060475
621.5,6.5908344374005985,6.220302375809935,14.384449244060475
622.0,6.591685944630558,6.220302375809935,14.384449244060475
622.5,6.592529826409861,6.220302375809935,14.384449244060475
623.0,6.593367068276167,6.220302375809935,14.384449244060475
623.5,6.594195922778895,6.220302375809935,14.384449244060475
624.0,6.595017740032563,6.220302375809935,13.795025430223646
624.5,6.5958345975468085,6.220302375809935,13.795025430223646
625.0,6.596645911957322,6.220302375809935,13.795025430223646
625.5,6.597450791208959,6.220302375809935,13.795025430223646
626.0,6.59825012338547,6.220302375809935,13.795025430223646
626.5,6.599043305274964,6.220302375809935,13.795025430223646
627.0,6.599831017663269,6.220302375809935,13.795025430223646
627.5,6.600610900677648,6.220302375809935,13.795025430223646
628.0,6.6013852137511435,6.220302375809935,13.795025430223646
628.5,6.602152317441224,6.220302375809935,13.795025430223646
629.0,6.602911799259503,6.220302375809935,13.795025430223646
629.5,6.6036644613708875,6.220302375809935,13.795025430223646
630.0,6.604410697500214,6.220302375809935,13.795025430223646
630.5,6.605155459178292,6.220302375809935,13.795025430223646
631.0,6.605888540354412,6.220302375809935,13.795025430223646
631.5,6.606608788441086,6.220302375809935,13.795025430223646
632.0,6.607322767102304,6.220302375809935,14.422072040688358
632.5,6.6080267095198035,6.220302375809935,14.422072040688358
633.0,6.608720210708023,6.220302375809935,14.384449244060475
633.5,6.609404291042548,6.220302375809935,14.384449244060475
634.0,6.610077691749823,6.220302375809935,14.384449244060475
634.5,6.605956965203636,6.220302375809935,14.384449244060475
635.0,6.606670144207261,6.220302375809935,14.384449244060475
635.5,6.607371212771631,6.220302375809935,14.384449244060475
636.0,6.608060533490448,6.220302375809935,15.550755939524837
636.5,6.608738711701939,6.220302375809935,15.550755939524837
637.0,6.609405092530429,6.220302375809935,15.550755939524837
637.5,6.610060499492416,6.220302375809935,15.550755939524837
638.0,6.605908638425307,6.220302375809935,15.04911865115307
638.5,6.606602084318603,6.220302375809935,15.04911865115307
639.0,6.607281989669829,6.220302375809935,15.04911865115307
639.5,6.607948379427147,6.220302375809935,15.04911865115307
640.0,6.60860068588819,6.220302375809935,15.04911865115307
640.5,6.609241960362415,6.220302375809935,15.04911865115307
641.0,6.609867612834688,6.220302375809935,15.04911865115307
641.5,6.610485461433745,6.220302375809935,15.04911865115307
642.0,6.606302102553373,6.220302375809935,15.04911865115307
642.5,6.6069530384523985,6.220302375809935,15.04911865115307
643.0,6.607587158107823,6.220302375809935,14.967602591792657
643.5,6.6082093003635025,6.220302375809935,14.967602591792657
644.0,6.608826566841286,6.220302375809935,13.795025430223646
644.5,6.60942758948665,6.220302375809935,13.795025430223646
645.0,6.610010127950176,6.220302375809935,13.795025430223646
645.5,6.610586185048666,6.220302375809935,13.795025430223646
646.0,6.606334452924268,6.220302375809935,13.795025430223646
646.5,6.6069450250117585,6.220302375809935,13.795025430223646
647.0,6.607548107773122,6.220302375809935,13.795025430223646
647.5,6.608136290745574,6.220302375809935,13.795025430223646
648.0,6.60870889737143,6.220302375809935,13.795025430223646
648.5,6.609269675931647,6.220302375809935,13.795025430223646
649.0,6.6098119718749535,6.220302375809935,13.795025430223646
649.5,6.61033331815163,6.220302375809935,13.795025430223646
650.0,6.610840180346541,6.220302375809935,13.795025430223646
650.5,6.60652577874975,6.220302375809935,13.795025430223646
651.0,6.6070706162983885,6.220302375809935,13.795025430223646
651.5,6.607608901394607,6.220302375809935,13.795025430223646
652.0,6.608141933372568,6.220302375809935,13.795025430223646
652.5,6.608671665419415,6.220302375809935,13.795025430223646
653.0,6.609202485498974,6.220302375809935,13.795025430223646
653.5,6.609732581089357,6.220302375809935,13.795025430223646
654.0,6.610264615240478,6.220302375809935,13.795025430223646
654.5,6.610799444629368,6.220302375809935,13.795025430223646
655.0,6.606565072116246,6.220302375809935,13.795025430223646
655.5,6.607169356642058,6.220302375809935,13.795025430223646
656.0,6.607774985135583,6.220302375809935,13.795025430223646
656.5,6.60838495252396,6.220302375809935,13.795025430223646
657.0,6.608998546104877,6.220302375809935,13.795025430223646
657.5,6.60961439506684,6.220302375809935,13.795025430223646
658.0,6.610234693863901,6.220302375809935,13.795025430223646
658.5,6.6060840005257155,6.220302375809935,13.795025430223646
659.0,6.606770548242024,6.220302375809935,13.795025430223646
659.5,6.607459518489959,6.220302375809935,13.795025430223646
660.0,6.608148801708578,6.220302375809935,13.795025430223646
660.5,6.6088403147265975,6.220302375809935,13.795025430223646
661.0,6.60953106044456,6.220302375809935,13.795025430223646
661.5,6.605411449037583,6.220302375809935,13.795025430223646
662.0,6.606163505409776,6.220302375809935,13.795025430223646
662.5,6.606914377451049,6.220302375809935,13.795025430223646
663.0,6.607663748685196,6.220302375809935,13.795025430223646
663.5,6.608410499277526,6.220302375809935,13.795025430223646
664.0,6.6091542905164244,6.220302375809935,13.795025430223646
664.5,6.605083718122126,6.220302375809935,13.795025430223646
665.0,6.605883655193301,6.220302375809935,13.795025430223646
665.5,6.606679129634593,6.220302375809935,13.795025430223646
666.0,6.607469906081809,6.220302375809935,13.795025430223646
666.5,6.608207930497001,6.220302375809935,13.795025430223646
667.0,6.60559812058999,6.220302375809935,13.795025430223646
667.5,6.599052067023928,6.220302375809935,13.795025430223646
668.0,6.589802877121743,6.220302375809935,13.795025430223646
668.5,6.579424693007677,6.220302375809935,13.795025430223646
669.0,6.571456125090831,6.220302375809935,13.795025430223646
669.5,6.5725393884610765,6.220302375809935,13.795025430223646
670.0,6.573499256266966,6.220302375809935,13.795025430223646
670.5,6.574300035614691,6.220302375809935,13.795025430223646
671.0,6.57490899427414,6.220302375809935,13.795025430223646
671.5,6.575351461426628,6.220302375809935,13.795025430223646
672.0,6.5756521106799815,6.220302375809935,13.795025430223646
672.5,6.5758335667590835,6.220302375809935,13.795025430223646
673.0,6.575914803384726,6.220302375809935,15.550755939524837
673.5,6.575916327217727,6.220302375809935,15.550755939524837
674.0,6.575857935335577,6.220302375809935,15.550755939524837
674.5,6.5757589486681844,6.220302375809935,15.550755939524837
675.0,6.575626065951873,6.220302375809935,15.550755939524837
675.5,6.575495998066559,6.220302375809935,15.550755939524837
676.0,6.575351389450834,6.220302375809935,15.550755939524837
676.5,6.575215252978849,6.208955332231874,15.550755939524837
677.0,6.573459274133459,6.175556210532641,14.967602591792657
677.5,6.5636154121715204,6.142191109051558,14.967602591792657
678.0,6.534256673561757,6.108927352282996,14.967602591792657
678.5,6.504794242738169,6.075803937264846,14.967602591792657
679.0,6.465754882045508,6.042836822966251,14.967602591792657
679.5,6.438246564352426,6.43828043172842,14.967602591792657
680.0,6.435240727813655,6.220302375809935,14.967602591792657
680.5,6.430531248776406,6.220302375809935,14.967602591792657
681.0,6.431823964818149,6.220302375809935,14.967602591792657
681.5,6.433382240595166,6.220302375809935,14.967602591792657
682.0,6.435142898954759,6.220302375809935,14.967602591792657
682.5,6.437055434238129,6.220302375809935,14.967602591792657
683.0,6.439086775335419,6.220302375809935,14.967602591792657
683.5,6.441201100139107,6.220302375809935,14.967602591792657
684.0,6.443378446055756,6.220302375809935,14.967602591792657
684.5,6.4455942767896985,6.220302375809935,14.967602591792657
685.0,6.447849606739035,6.220302375809935,14.967602591792657
685.5,6.45011168351895,6.220302375809935,14.967602591792657
686.0,6.452385434606352,6.220302375809935,14.967602591792657
686.5,6.454663137247608,6.220302375809935,14.967602591792657
687.0,6.456927681150724,6.220302375809935,14.967602591792657
687.5,6.459168740590111,6.220302375809935,14.967602591792657
688.0,6.461382425874497,6.220302375809935,14.967602591792657
688.5,6.463566546882155,6.220302375809935,14.967602591792657
689.0,6.46571956709088,6.220302375809935,14.967602591792657
689.5,6.4678368982343315,6.220302375809935,14.967602591792657
690.0,6.469915969960329,6.220302375809935,14.967602591792657
690.5,6.471954010927135,6.220302375809935,14.967602591792657
691.0,6.473944209637738,6.220302375809935,14.967602591792657
691.5,6.475875779264781,6.220302375809935,14.967602591792657
692.0,6.4777241925667415,6.220302375809935,14.967602591792657
692.5,6.479514264719894,6.220302375809935,14.967602591792657
693.0,6.481253100970145,6.220302375809935,14.967602591792657
693.5,6.482947778120485,6.220302375809935,14.967602591792657
694.0,6.484608613500842,6.220302375809935,14.967602591792657
694.5,6.486242744489896,6.220302375809935,14.967602591792657
695.0,6.4878573973243,6.220302375809935,14.967602591792657
695.5,6.489458529801467,6.220302375809935,14.967602591792657
696.0,6.491044448354149,6.220302375809935,14.967602591792657
696.5,6.492623224327212,6.220302375809935,14.967602591792657
697.0,6.494203311057631,6.220302375809935,14.967602591792657
697.5,6.495778203321866,6.220302375809935,14.967602591792657
698.0,6.497354743219015,6.220302375809935,14.967602591792657
698.5,6.498934182841039,6.220302375809935,14.967602591792657
699.0,6.500519865674843,6.220302375809935,14.967602591792657
699.5,6.502111422489584,6.220302375809935,14.967602591792657
700.0,6.503707535899044,6.220302375809935,14.967602591792657
700.5,6.505306506977821,6.220302375809935,14.967602591792657
701.0,6.5069109251337425,6.220302375809935,14.967602591792657
701.5,6.508522141383485,6.220302375809935,14.967602591792657
702.0,6.5101390379637945,6.220302375809935,14.967602591792657
702.5,6.51176112728774,6.220302375809935,14.967602591792657
703.0,6.513385940948066,6.220302375809935,14.967602591792657
703.5,6.515015879972972,6.220302375809935,14.967602591792657
704.0,6.516645907412143,6.220302375809935,14.967602591792657
704.5,6.51827926297766,6.220302375809935,14.967602591792657
705.0,6.519913924285068,6.220302375809935,14.967602591792657
705.5,6.521551723159997,6.220302375809935,14.967602591792657
706.0,6.523187559304722,6.220302375809935,14.967602591792657
706.5,6.524824968482799,6.220302375809935,14.967602591792657
707.0,6.526457996122491,6.220302375809935,14.967602591792657
707.5,6.528089682870044,6.220302375809935,14.967602591792657
708.0,6.529718175673833,6.220302375809935,14.967602591792657
708.5,6.531343402468744,6.220302375809935,14.967602591792657
709.0,6.53296451476141,6.220302375809935,14.967602591792657
709.5,6.534579886463024,6.220302375809935,14.967602591792657
710.0,6.536189835291166,6.220302375809935,14.967602591792657
710.5,6.537792139294678,6.220302375809935,14.967602591792657
711.0,6.539387692915473,6.220302375809935,14.967602591792657
711.5,6.540974452230646,6.220302375809935,14.967602591792657
712.0,6.54255141132995,6.220302375809935,14.967602591792657
712.5,6.544120256421538,6.220302375809935,14.967602591792657
713.0,6.545677392753637,6.220302375809935,14.967602591792657
713.5,6.547224232787012,6.220302375809935,14.967602591792657
714.0,6.548760090572619,6.220302375809935,14.967602591792657
714.5,6.550283114936519,6.220302375809935,14.967602591792657
715.0,6.551795076951242,6.220302375809935,13.218142548596113
715.5,6.552590571983504,5.55092074705526,13.218142548596113
716.0,6.511425843308027,5.55092074705526,13.218142548596113
716.5,6.450024979691869,5.55092074705526,13.218142548596113
717.0,6.386958371827672,5.55092074705526,13.218142548596113
717.5,6.324706148049429,5.55092074705526,13.218142548596113
718.0,6.263273335353581,5.55092074705526,13.218142548596113
718.5,6.202649016713598,5.55092074705526,13.218142548596113
719.0,6.142775538924494,5.55092074705526,13.167978819758936
719.5,6.083679447047315,5.55092074705526,13.167978819758936
720.0,6.026199462813064,5.55092074705526,13.167978819758936
720.5,5.974948270104725,5.55092074705526,13.167978819758936
721.0,5.939970837545812,5.55092074705526,13.167978819758936
721.5,5.934450279724626,5.55092074705526,13.167978819758936
722.0,5.938788277326776,5.55092074705526,13.167978819758936
722.5,5.942959968920919,5.55092074705526,13.167978819758936
723.0,5.937122025228236,5.55092074705526,13.167978819758936
723.5,5.941024728577609,5.55092074705526,13.167978819758936
724.0,5.9447719944417665,5.55092074705526,13.167978819758936
724.5,5.938590023224653,5.55092074705526,13.167978819758936
725.0,5.942193118688333,5.55092074705526,13.167978819758936
725.5,5.945678135426874,5.55092074705526,13.167978819758936
726.0,5.939289404981284,5.55092074705526,13.167978819758936
726.5,5.942728852828983,5.55092074705526,13.167978819758936
727.0,5.946090723738416,5.55092074705526,13.167978819758936
727.5,5.939548955594718,5.55092074705526,13.167978819758936
728.0,5.94288827625135,5.55092074705526,13.218142548596113
728.5,5.946157817865536,5.55092074705526,13.218142548596113
729.0,5.947795696295246,5.55092074705526,13.167978819758936
729.5,5.942710612023676,5.55092074705526,13.167978819758936
730.0,5.945789814046555,5.55092074705526,13.167978819758936
730.5,5.943368665808468,5.55092074705526,13.167978819758936
731.0,5.935774761615264,5.55092074705526,13.167978819758936
731.5,5.937889676459817,5.55092074705526,13.167978819758936
732.0,5.940325413389089,5.55092074705526,13.167978819758936
732.5,5.942990704109418,5.55092074705526,13.167978819758936
733.0,5.945820530689702,5.55092074705526,13.167978819758936
733.5,5.948756980260628,5.55092074705526,13.167978819758936
734.0,5.941995561484808,5.55092074705526,13.167978819758936
734.5,5.945150776761332,5.55092074705526,13.167978819758936
735.0,5.948307943517631,5.55092074705526,13.218142548596113
735.5,5.941639253896984,5.55092074705526,13.218142548596113
736.0,5.944862311470544,5.55092074705526,13.218142548596113
736.5,5.947986363045831,5.55092074705526,13.218142548596113
737.0,5.941101183532808,5.55092074705526,13.218142548596113
737.5,5.944045940094511,5.55092074705526,13.218142548596113
738.0,5.946876268385377,5.55092074705526,13.167978819758936
738.5,5.949616597859626,5.55092074705526,13.167978819758936
739.0,5.94249712032919,5.55092074705526,13.167978819758936
739.5,5.94522055103367,5.55092074705526,13.167978819758936
740.0,5.947883955534484,5.55092074705526,13.167978819758936
740.5,5.948977816328744,5.55092074705526,13.167978819758936
741.0,5.94341831626407,5.55092074705526,13.218142548596113
741.5,5.9461636860400615,5.55092074705526,13.218142548596113
742.0,5.948913879242348,5.55092074705526,13.218142548596113
742.5,5.941867772057616,5.55092074705526,13.218142548596113
743.0,5.944745752489106,5.55092074705526,13.167978819758936
743.5,5.947638819312061,5.55092074705526,13.167978819758936
744.0,5.940745967625792,5.55092074705526,13.167978819758936
744.5,5.943777392521502,5.55092074705526,13.167978819758936
745.0,5.946830079815333,5.55092074705526,13.167978819758936
745.5,5.940098705253505,5.55092074705526,13.167978819758936
746.0,5.943298541150907,5.55092074705526,13.167978819758936
746.5,5.9465134895244605,5.55092074705526,13.167978819758936
747.0,5.939962332158209,5.55092074705526,13.167978819758936
747.5,5.94332100712085,5.55092074705526,13.167978819758936
748.0,5.945131779409699,5.55092074705526,13.167978819758936
748.5,5.940301824218837,5.55092074705526,13.167978819758936
749.0,5.9438087449002515,5.55092074705526,15.04911865115307
749.5,5.937483338043762,5.55092074705526,15.04911865115307
750.0,5.941120582216868,5.55092074705526,15.04911865115307
750.5,5.9432062155358505,5.55092074705526,15.04911865115307
751.0,5.938643989506089,5.55092074705526,15.04911865115307
751.5,5.942407613189626,5.55092074705526,15.04911865115307
752.0,5.936320196309374,5.55092074705526,15.04911865115307
752.5,5.940193920611734,5.55092074705526,15.04911865115307
753.0,5.942504296945537,5.55092074705526,15.04911865115307
753.5,5.938143992547875,5.55092074705526,15.04911865115307
754.0,5.942109948211833,5.55092074705526,15.04911865115307
754.5,5.936236656948565,5.55092074705526,15.04911865115307
755.0,5.940296293446702,5.55092074705526,15.04911865115307
755.5,5.934494340919582,5.55092074705526,15.04911865115307
756.0,5.938639074905968,5.55092074705526,15.04911865115307
756.5,5.941205378601047,5.55092074705526,15.04911865115307
757.0,5.93708453672974,5.55092074705526,15.04911865115307
757.5,5.941284001699129,5.55092074705526,15.04911865115307
758.0,5.935654522831701,5.55092074705526,15.04911865115307
758.5,5.939920699778215,5.55092074705526,15.04911865115307
759.0,5.934332740888827,5.55092074705526,14.384449244060475
759.5,5.938659354415446,5.55092074705526,14.384449244060475
760.0,5.933107129147428,5.55092074705526,14.384449244060475
760.5,5.937491757733895,5.55092074705526,14.384449244060475
761.0,5.931975131675391,5.55092074705526,14.384449244060475
761.5,5.936409954174867,5.55092074705526,14.384449244060475
762.0,5.9392462308287985,5.55092074705526,14.384449244060475
762.5,5.935381018163905,5.55092074705526,14.384449244060475
763.0,5.939812390711538,5.55092074705526,14.384449244060475
763.5,5.934399684264002,5.55092074705526,14.384449244060475
764.0,5.938865352535882,5.55092074705526,14.384449244060475
764.5,5.933464190215238,5.55092074705526,14.384449244060475
765.0,5.937973551713955,5.55092074705526,14.384449244060475
765.5,5.9325769780553,5.55092074705526,14.384449244060475
766.0,5.937109430908098,5.55092074705526,14.384449244060475
766.5,5.931710537122665,5.55092074705526,14.384449244060475
767.0,5.936263940907239,5.55092074705526,14.384449244060475
767.5,5.939205041990729,5.55092074705526,14.384449244060475
768.0,5.93542380867822,5.55092074705526,14.384449244060475
768.5,5.939938512412147,5.55092074705526,14.384449244060475
769.0,5.934586538521341,5.55092074705526,14.384449244060475
769.5,5.9391148466644745,5.55092074705526,14.384449244060475
770.0,5.933749628131143,5.55092074705526,14.384449244060475
770.5,5.938290990203563,5.55092074705526,14.384449244060475
771.0,5.932950985938826,5.55092074705526,14.384449244060475
771.5,5.9375038419763815,5.55092074705526,14.384449244060475
772.0,5.932148248976011,5.55092074705526,14.384449244060475
772.5,5.9367123017839605,5.55092074705526,14.384449244060475
773.0,5.931337063354241,5.55092074705526,14.384449244060475
773.5,5.9359071409151545,5.55092074705526,14.384449244060475
774.0,5.938865415173898,5.55092074705526,14.384449244060475
774.5,5.935102322234391,5.55092074705526,14.384449244060475
775.0,5.939633393395657,5.55092074705526,14.384449244060475
775.5,5.934299848351445,5.55092074705526,14.384449244060475
776.0,5.938798720545275,5.55092074705526,14.384449244060475
776.5,5.933400637122267,5.55092074705526,14.384449244060475
777.0,5.937916725454083,5.55092074705526,14.384449244060475
777.5,5.932538014264576,5.55092074705526,14.384449244060475
778.0,5.937099279117211,5.55092074705526,14.384449244060475
778.5,5.931726504805019,5.55092074705526,14.384449244060475
779.0,5.936312703569346,5.55092074705526,14.384449244060475
779.5,5.930969405487325,5.55092074705526,14.384449244060475
780.0,5.935541384243048,5.55092074705526,14.384449244060475
780.5,5.938467766004259,5.55092074705526,14.384449244060475
781.0,5.934666347569343,5.55092074705526,14.384449244060475
781.5,5.939155379202825,5.55092074705526,14.384449244060475
782.0,5.933801697669198,5.55092074705526,14.384449244060475
782.5,5.938327059800636,5.55092074705526,14.384449244060475
783.0,5.932937352802419,5.55092074705526,14.384449244060475
783.5,5.937467291088022,5.55092074705526,14.384449244060475
784.0,5.932040955680624,5.55092074705526,14.384449244060475
784.5,5.936531399680004,5.55092074705526,14.384449244060475
785.0,5.940928782861232,5.55092074705526,14.384449244060475
785.5,5.935404765011009,5.55092074705526,14.384449244060475
786.0,5.939708137326233,5.55092074705526,12.540932209294223
786.5,5.933517438283875,5.247088545259451,12.540932209294223
787.0,5.903779173302898,5.247088545259451,12.540932209294223
787.5,5.855591689900736,5.247088545259451,12.540932209294223
788.0,5.803191862881949,5.247088545259451,12.540932209294223
788.5,5.749374634439392,5.247088545259451,12.540932209294223
789.0,5.696766460992172,5.247088545259451,12.540932209294223
789.5,5.6484959546513585,5.247088545259451,12.540932209294223
790.0,5.635238049420011,5.247088545259451,12.540932209294223
790.5,5.630876104869641,5.247088545259451,12.540932209294223
791.0,5.6351603725847115,5.247088545259451,12.540932209294223
791.5,5.632628076774258,5.247088545259451,12.540932209294223
792.0,5.628537368809673,5.247088545259451,12.540932209294223
792.5,5.634625410313245,5.247088545259451,12.540932209294223
793.0,5.63063709136756,5.247088545259451,12.540932209294223
793.5,5.635195262762094,5.247088545259451,12.540932209294223
794.0,5.6328299466369804,5.247088545259451,12.540932209294223
794.5,5.628890075962692,5.247088545259451,12.540932209294223
795.0,5.63506521208647,5.247088545259451,12.540932209294223
795.5,5.631166316298301,5.247088545259451,12.540932209294223
796.0,5.635759227871697,5.247088545259451,12.540932209294223
796.5,5.633405217892044,5.247088545259451,12.540932209294223
797.0,5.62946740039595,5.247088545259451,12.540932209294223
797.5,5.635645033617642,5.247088545259451,12.540932209294223
798.0,5.631733139742349,5.247088545259451,12.540932209294223
798.5,5.627798683924321,5.247088545259451,12.540932209294223
799.0,5.633997204133878,5.247088545259451,12.540932209294223
799.5,5.6300877381992445,5.247088545259451,12.540932209294223
800.0,5.634698850971867,5.247088545259451,12.540932209294223
800.5,5.632373566078718,5.247088545259451,12.540932209294223
801.0,5.6284215914913664,5.247088545259451,12.540932209294223
801.5,5.634612563495204,5.247088545259451,12.540932209294223
802.0,5.6306858510966755,5.247088545259451,12.540932209294223
802.5,5.635288095610283,5.247088545259451,12.540932209294223
803.0,5.632947357653677,5.247088545259451,12.540932209294223
803.5,5.629022919919782,5.247088545259451,12.540932209294223
804.0,5.635206122337341,5.247088545259451,12.540932209294223
804.5,5.6313063060693676,5.247088545259451,12.540932209294223
805.0,5.627383311899112,5.247088545259451,12.540932209294223
805.5,5.6335862547668984,5.247088545259451,12.540932209294223
806.0,5.629643843204716,5.247088545259451,12.540932209294223
806.5,5.635819295122827,5.247088545259451,12.540932209294223
807.0,5.631902262292706,5.247088545259451,12.540932209294223
807.5,5.627962512521896,5.247088545259451,12.540932209294223
808.0,5.634156504616625,5.247088545259451,12.540932209294223
808.5,5.630240590158895,5.247088545259451,12.540932209294223
809.0,5.634847822692068,5.247088545259451,12.540932209294223
809.5,5.632517962410121,5.247088545259451,12.540932209294223
810.0,5.628605321585122,5.247088545259451,12.540932209294223
810.5,5.63479387395502,5.247088545259451,12.540932209294223
811.0,5.630861760190231,5.247088545259451,12.540932209294223
811.5,5.635461624716794,5.247088545259451,12.540932209294223
812.0,5.633116647485268,5.247088545259451,12.540932209294223
812.5,5.629187554135828,5.247088545259451,12.540932209294223
813.0,5.635369212687082,5.247088545259451,12.540932209294223
813.5,5.631465153024092,5.247088545259451,12.540932209294223
814.0,5.627538098308736,5.247088545259451,12.540932209294223
814.5,5.633739792811085,5.247088545259451,12.540932209294223
815.0,5.629837330704059,5.247088545259451,12.540932209294223
815.5,5.636011295346586,5.247088545259451,12.540932209294223
816.0,5.632089603105315,5.247088545259451,12.540932209294223
816.5,5.628145512752867,5.247088545259451,12.540932209294223
817.0,5.634340005224882,5.247088545259451,12.540932209294223
817.5,5.6304209934504135,5.247088545259451,12.540932209294223
818.0,5.635027486319295,5.247088545259451,12.540932209294223
818.5,5.632693872997869,5.247088545259451,12.540932209294223
819.0,5.628776820920604,5.247088545259451,12.540932209294223
819.5,5.634963728691221,5.247088545259451,12.540932209294223
820.0,5.631071133971645,5.247088545259451,12.540932209294223
820.5,5.635668371734397,5.247088545259451,12.540932209294223
821.0,5.633318455814317,5.247088545259451,12.540932209294223
821.5,5.629384138210099,5.247088545259451,12.540932209294223
822.0,5.635563606262937,5.247088545259451,12.540932209294223
822.5,5.631654299176885,5.247088545259451,12.540932209294223
823.0,5.627722187931859,5.247088545259451,12.540932209294223
823.5,5.633921580539946,5.247088545259451,12.540932209294223
824.0,5.630014020892502,5.247088545259451,12.540932209294223
824.5,5.634625875045237,5.247088545259451,12.540932209294223
825.0,5.632302024178947,5.247088545259451,12.540932209294223
825.5,5.628351652446148,5.247088545259451,12.540932209294223
826.0,5.634542868561839,5.247088545259451,12.540932209294223
826.5,5.630617600711245,5.247088545259451,12.540932209294223
827.0,5.635220156725871,5.247088545259451,12.540932209294223
827.5,5.632880521683426,5.247088545259451,12.540932209294223
828.0,5.628957068017517,5.247088545259451,12.540932209294223
828.5,5.635139836443839,5.247088545259451,12.540932209294223
829.0,5.631240603901334,5.247088545259451,12.540932209294223
829.5,5.62731804311857,5.247088545259451,12.540932209294223
830.0,5.633519638037879,5.247088545259451,12.540932209294223
830.5,5.6295772240685675,5.247088545259451,12.540932209294223
831.0,5.635750565639941,5.247088545259451,12.540932209294223
831.5,5.6318305387513306,5.247088545259451,12.540932209294223
832.0,5.627884057651051,5.247088545259451,12.540932209294223
832.5,5.63407277267949,5.247088545259451,12.540932209294223
833.0,5.630153279548742,5.247088545259451,12.540932209294223
833.5,5.634756472722389,5.247088545259451,12.540932209294223
834.0,5.632424008672003,5.247088545259451,12.540932209294223
834.5,5.628465242121795,5.247088545259451,12.540932209294223
835.0,5.6346494335964605,5.247088545259451,12.540932209294223
835.5,5.630715914865884,5.247088545259451,12.540932209294223
836.0,5.635311551437431,5.247088545259451,12.540932209294223
836.5,5.632924869095406,5.247088545259451,12.540932209294223
837.0,5.628941089986028,5.247088545259451,12.540932209294223
837.5,5.635085595427553,5.247088545259451,12.540932209294223
838.0,5.631168401698521,5.247088545259451,12.540932209294223
838.5,5.635752970539702,5.247088545259451,12.540932209294223
839.0,5.633395519704359,5.247088545259451,12.540932209294223
839.5,5.629456923026316,5.247088545259451,12.540932209294223
840.0,5.635634820155426,5.247088545259451,12.540932209294223
840.5,5.631722526195025,5.247088545259451,12.540932209294223
841.0,5.62778702582585,5.247088545259451,12.540932209294223
841.5,5.633983400842605,5.247088545259451,12.540932209294223
842.0,5.630071951522358,5.247088545259451,12.540932209294223
842.5,5.634680300437068,5.247088545259451,12.540932209294223
843.0,5.632352632883455,5.247088545259451,12.540932209294223
843.5,5.628398309131108,5.247088545259451,12.540932209294223
844.0,5.634585761208073,5.247088545259451,12.540932209294223
844.5,5.630656518953854,5.247088545259451,12.540932209294223
845.0,5.635255539128894,5.247088545259451,12.540932209294223
845.5,5.632912426951403,5.247088545259451,12.540932209294223
846.0,5.628985689316392,5.247088545259451,12.540932209294223
846.5,5.635165354391466,5.247088545259451,12.540932209294223
847.0,5.631263426913131,5.247088545259451,12.540932209294223
847.5,5.625567900896447,4.942518713057386,12.540932209294223
848.0,5.573240715001393,4.942518713057386,12.540932209294223
848.5,5.520869433512314,4.942518713057386,12.540932209294223
849.0,5.468977939806219,4.942518713057386,12.540932209294223
849.5,5.417746270751161,4.942518713057386,12.540932209294223
850.0,5.368184855832288,4.942518713057386,12.540932209294223
850.5,5.324359728167571,4.942518713057386,12.540932209294223
851.0,5.330415740260257,4.942518713057386,12.540932209294223
851.5,5.329404607398148,4.942518713057386,12.540932209294223
852.0,5.326833477955684,4.942518713057386,12.540932209294223
852.5,5.324228932162906,4.942518713057386,12.540932209294223
853.0,5.33191240935819,4.942518713057386,12.540932209294223
853.5,5.329244349405108,4.942518713057386,12.540932209294223
854.0,5.3265231988808415,4.942518713057386,12.540932209294223
854.5,5.332509055887379,4.942518713057386,12.540932209294223
855.0,5.331320099425443,4.942518713057386,12.540932209294223
855.5,5.328577746306774,4.942518713057386,12.540932209294223
856.0,5.325800860372536,4.942518713057386,12.540932209294223
856.5,5.33171921701533,4.942518713057386,12.540932209294223
857.0,5.330491721794101,4.942518713057386,12.540932209294223
857.5,5.327683880644561,4.942518713057386,12.540932209294223
858.0,5.324855090011418,4.942518713057386,12.540932209294223
858.5,5.33233390820262,4.942518713057386,12.540932209294223
859.0,5.329526873591988,4.942518713057386,12.540932209294223
859.5,5.326698779997336,4.942518713057386,12.540932209294223
860.0,5.3326055357851105,4.942518713057386,12.540932209294223
860.5,5.3313671009165,4.942518713057386,12.540932209294223
861.0,5.328600213149506,4.942518713057386,12.540932209294223
861.5,5.325829331960924,4.942518713057386,12.540932209294223
862.0,5.331772383130629,4.942518713057386,12.540932209294223
862.5,5.330581117013198,4.942518713057386,12.540932209294223
863.0,5.327813736044801,4.942518713057386,12.540932209294223
863.5,5.325020619449885,4.942518713057386,12.540932209294223
864.0,5.332547906743539,4.942518713057386,12.540932209294223
864.5,5.329790980975802,4.942518713057386,12.540932209294223
865.0,5.327073925168316,4.942518713057386,12.540932209294223
865.5,5.324351747882918,4.942518713057386,12.540932209294223
866.0,5.3319481439879395,4.942518713057386,12.540932209294223
866.5,5.329251537412414,4.942518713057386,12.540932209294223
867.0,5.326546869053681,4.942518713057386,12.540932209294223
867.5,5.323871661727191,4.942518713057386,12.540932209294223
868.0,5.33151150299769,4.942518713057386,12.540932209294223
868.5,5.328861779582543,4.942518713057386,12.540932209294223
869.0,5.326188650022773,4.942518713057386,12.540932209294223
869.5,5.323551818235928,4.942518713057386,12.540932209294223
870.0,5.331225342361153,4.942518713057386,12.540932209294223
870.5,5.328605850374772,4.942518713057386,12.540932209294223
871.0,5.325967272264703,4.942518713057386,12.540932209294223
871.5,5.323352620147043,4.942518713057386,12.540932209294223
872.0,5.331045829683748,4.942518713057386,12.540932209294223
872.5,5.32844732420831,4.942518713057386,12.540932209294223
873.0,5.3258270745084415,4.942518713057386,12.540932209294223
873.5,5.3232313096984525,4.942518713057386,12.540932209294223
874.0,5.330945823286456,4.942518713057386,12.540932209294223
874.5,5.328363639400567,4.942518713057386,12.540932209294223
875.0,5.3257566210768355,4.942518713057386,12.540932209294223
875.5,5.3231719974006975,4.942518713057386,12.540932209294223
876.0,5.330897284567844,4.942518713057386,12.540932209294223
876.5,5.328321395378112,4.942518713057386,12.540932209294223
877.0,5.325725142888629,4.942518713057386,12.540932209294223
877.5,5.323150315689192,4.942518713057386,12.540932209294223
878.0,5.330883493167951,4.942518713057386,12.540932209294223
878.5,5.328315939857894,4.942518713057386,12.540932209294223
879.0,5.325722387951765,4.942518713057386,12.540932209294223
879.5,5.323159587185527,4.942518713057386,12.540932209294223
880.0,5.330898739478008,4.942518713057386,12.540932209294223
880.5,5.328331954907384,4.942518713057386,12.540932209294223
881.0,5.325739000408612,4.942518713057386,12.540932209294223
881.5,5.323170513277045,4.942518713057386,12.540932209294223
882.0,5.330917447960345,4.942518713057386,12.540932209294223
882.5,5.328359107674095,4.942518713057386,12.540932209294223
883.0,5.325772563709797,4.942518713057386,12.540932209294223
883.5,5.323201468717324,4.942518713057386,12.540932209294223
884.0,5.330941006443949,4.942518713057386,12.540932209294223
884.5,5.328383592289653,4.942518713057386,12.540932209294223
885.0,5.3258001792502725,4.942518713057386,12.540932209294223
885.5,5.323237117259142,4.942518713057386,12.540932209294223
886.0,5.330979814436611,4.942518713057386,12.540932209294223
886.5,5.3284195039420235,4.942518713057386,12.540932209294223
887.0,5.3258298987264405,4.942518713057386,12.540932209294223
887.5,5.323256478921713,4.942518713057386,12.540932209294223
888.0,5.330993500390018,4.942518713057386,12.540932209294223
888.5,5.328427727931861,4.942518713057386,12.540932209294223
889.0,5.325846705607774,4.942518713057386,12.540932209294223
889.5,5.323283614850549,4.942518713057386,12.540932209294223
890.0,5.331026646522446,4.942518713057386,12.540932209294223
890.5,5.328465040246083,4.942518713057386,12.540932209294223
891.0,5.325877820372316,4.942518713057386,12.540932209294223
891.5,5.323310188787136,4.942518713057386,12.540932209294223
892.0,5.3310503317337234,4.942518713057386,12.540932209294223
892.5,5.328487101433633,4.942518713057386,12.540932209294223
893.0,5.325896102347625,4.942518713057386,12.540932209294223
893.5,5.323327775182425,4.942518713057386,12.540932209294223
894.0,5.331064662839918,4.942518713057386,12.540932209294223
894.5,5.328492771831845,4.942518713057386,12.540932209294223
895.0,5.325896520066175,4.942518713057386,12.540932209294223
895.5,5.3233261198887565,4.942518713057386,12.540932209294223
896.0,5.33106502130824,4.942518713057386,12.540932209294223
896.5,5.328497964407215,4.942518713057386,12.540932209294223
897.0,5.325905989580388,4.942518713057386,12.540932209294223
897.5,5.3233429627770805,4.942518713057386,12.540932209294223
898.0,5.331086490924929,4.942518713057386,12.540932209294223
898.5,5.328518179621584,4.942518713057386,12.540932209294223
899.0,5.325927554373142,4.942518713057386,12.540932209294223
899.5,5.323358117070536,4.942518713057386,12.540932209294223
900.0,5.331103976166809,4.942518713057386,12.540932209294223
900.5,5.328539145643624,4.942518713057386,12.540932209294223
901.0,5.32594578321656,4.942518713057386,12.540932209294223
901.5,5.323377491356712,4.942518713057386,12.540932209294223
902.0,5.331124216275479,4.942518713057386,12.540932209294223
902.5,5.328557157803508,4.942518713057386,12.540932209294223
903.0,5.325966258374521,4.942518713057386,12.540932209294223
903.5,5.323398300177579,4.942518713057386,12.540932209294223
904.0,5.331145862083274,4.942518713057386,13.795025430223646
904.5,5.329510278870604,6.220302375809935,13.795025430223646
905.0,5.383177990662449,6.220302375809935,13.795025430223646
905.5,5.452982968003622,6.220302375809935,13.795025430223646
906.0,5.520001789552944,6.220302375809935,13.795025430223646
906.5,5.580737089002633,6.220302375809935,13.795025430223646
907.0,5.635517068755326,6.220302375809935,13.795025430223646
907.5,5.685360858307163,6.220302375809935,13.795025430223646
908.0,5.730633609835828,6.220302375809935,13.795025430223646
908.5,5.771764247997316,6.220302375809935,13.795025430223646
909.0,5.809245099461568,6.220302375809935,13.795025430223646
909.5,5.838340332030738,6.220302375809935,13.795025430223646
910.0,5.848245470617075,6.220302375809935,13.795025430223646
910.5,5.858005704610899,6.220302375809935,13.795025430223646
911.0,5.867633599730049,6.220302375809935,13.795025430223646
911.5,5.877132237685254,6.220302375809935,13.795025430223646
912.0,5.886512167623895,6.220302375809935,13.795025430223646
912.5,5.895776638884262,6.220302375809935,13.795025430223646
913.0,5.904932608969984,6.220302375809935,13.795025430223646
913.5,5.913983502346381,6.220302375809935,13.795025430223646
914.0,5.922934770960676,6.220302375809935,13.795025430223646
914.5,5.93178817597236,6.220302375809935,13.795025430223646
915.0,5.940548379039845,6.220302375809935,13.795025430223646
915.5,5.949208534866494,6.220302375809935,13.795025430223646
916.0,5.957784931151823,6.220302375809935,13.795025430223646
916.5,5.966278230533354,6.220302375809935,13.795025430223646
917.0,5.974690623899955,6.220302375809935,13.795025430223646
917.5,5.983021500983427,6.220302375809935,13.795025430223646
918.0,5.991268356779016,6.220302375809935,13.795025430223646
918.5,5.99943601617582,6.220302375809935,13.795025430223646
919.0,6.007523887387311,6.220302375809935,13.795025430223646
919.5,6.01546742532927,6.0152114310976055,13.795025430223646
920.0,6.021849239102796,6.220302375809935,13.795025430223646
920.5,6.029628648538126,6.220302375809935,13.795025430223646
921.0,6.037365466045211,6.220302375809935,13.795025430223646
921.5,6.045052062281019,6.220302375809935,13.795025430223646
922.0,6.052678724059744,6.220302375809935,13.795025430223646
922.5,6.060242965616971,6.220302375809935,13.795025430223646
923.0,6.067741406471013,6.220302375809935,13.795025430223646
923.5,6.07516912408647,6.220302375809935,13.795025430223646
924.0,6.0825240135062755,6.220302375809935,13.795025430223646
924.5,6.089805086173297,6.220302375809935,13.795025430223646
925.0,6.097010026588078,6.220302375809935,13.795025430223646
925.5,6.104139500276774,6.220302375809935,13.795025430223646
926.0,6.11119071012286,6.220302375809935,13.795025430223646
926.5,6.118164084060478,6.220302375809935,13.795025430223646
927.0,6.125059378762776,6.220302375809935,13.795025430223646
927.5,6.1318760914939805,6.220302375809935,13.795025430223646
928.0,6.1386155059982,6.220302375809935,13.795025430223646
928.5,6.145276887514742,6.220302375809935,13.795025430223646
929.0,6.15185982597423,6.220302375809935,13.795025430223646
929.5,6.158365485654895,6.220302375809935,13.795025430223646
930.0,6.164799461821838,6.220302375809935,13.795025430223646
930.5,6.171148014060647,6.220302375809935,13.795025430223646
931.0,6.177420440917166,6.220302375809935,13.795025430223646
931.5,6.183628912945291,6.220302375809935,13.795025430223646
932.0,6.1897580224856155,6.220302375809935,13.795025430223646
932.5,6.195806141505365,6.220302375809935,13.795025430223646
933.0,6.201776704933543,6.220302375809935,13.218142548596113
933.5,6.207669615088169,6.220302375809935,13.218142548596113
934.0,6.213485687305193,6.220302375809935,13.218142548596113
934.5,6.219231014313103,6.220302375809935,13.218142548596113
935.0,6.224897257045998,6.220302375809935,13.218142548596113
935.5,6.230492508301378,6.220302375809935,13.218142548596113
936.0,6.23602224105413,6.220302375809935,13.218142548596113
936.5,6.241494096615627,6.220302375809935,13.218142548596113
937.0,6.246894827746949,6.220302375809935,13.218142548596113
937.5,6.2522254555292305,6.220302375809935,13.218142548596113
938.0,6.257485802770661,6.220302375809935,13.218142548596113
938.5,6.262674094461158,6.220302375809935,13.218142548596113
939.0,6.267801469545433,6.220302375809935,13.218142548596113
939.5,6.2728631846559635,6.220302375809935,13.218142548596113
940.0,6.277859543264916,6.220302375809935,13.218142548596113
940.5,6.282789563903465,6.220302375809935,13.218142548596113
941.0,6.2876589682884925,6.220302375809935,13.218142548596113
941.5,6.292458682199389,6.220302375809935,13.218142548596113
942.0,6.297198712724818,6.220302375809935,13.218142548596113
942.5,6.30188010767555,6.220302375809935,13.218142548596113
943.0,6.306503381595171,6.220302375809935,13.218142548596113
943.5,6.311066173067497,6.220302375809935,13.218142548596113
944.0,6.315574194622513,6.220302375809935,13.218142548596113
944.5,6.320020292158399,6.220302375809935,13.218142548596113
945.0,6.324412243622245,6.220302375809935,13.218142548596113
945.5,6.32874975038285,6.220302375809935,13.218142548596113
946.0,6.333024688926774,6.220302375809935,13.218142548596113
946.5,6.337244157489859,6.220302375809935,13.218142548596113
947.0,6.34141362145869,6.220302375809935,13.218142548596113
947.5,6.345528137372044,6.220302375809935,13.218142548596113
948.0,6.349585444885992,6.220302375809935,13.218142548596113
948.5,6.353590926276069,6.220302375809935,13.218142548596113
949.0,6.357548336501696,6.220302375809935,13.218142548596113
949.5,6.361450436773782,6.220302375809935,13.218142548596113
950.0,6.365306572709423,6.220302375809935,13.218142548596113
950.5,6.369114175027996,6.220302375809935,13.218142548596113
951.0,6.372869671235973,6.220302375809935,13.218142548596113
951.5,6.376575816934276,6.220302375809935,13.218142548596113
952.0,6.380232633884362,6.220302375809935,13.218142548596113
952.5,6.383838774904699,6.220302375809935,13.218142548596113
953.0,6.387400759516922,6.220302375809935,13.167978819758936
953.5,6.39091899202991,6.220302375809935,13.167978819758936
954.0,6.394393864271115,6.220302375809935,13.167978819758936
954.5,6.397825649644979,6.220302375809935,13.167978819758936
955.0,6.401215164103162,6.220302375809935,13.167978819758936
955.5,6.404562481601419,6.220302375809935,13.167978819758936
956.0,6.407869862204082,6.220302375809935,13.167978819758936
956.5,6.411136072300703,6.220302375809935,13.167978819758936
957.0,6.4143624366402126,6.220302375809935,13.167978819758936
957.5,6.417549721216997,6.220302375809935,13.167978819758936
958.0,6.420699819677892,6.220302375809935,13.167978819758936
958.5,6.42381109438832,6.220302375809935,13.167978819758936
959.0,6.4268839458441755,6.220302375809935,12.540932209294223
959.5,6.429460538254909,5.831533477321814,12.540932209294223
960.0,6.403781415563908,5.831533477321814,12.540932209294223
960.5,6.356453476580137,5.831533477321814,12.540932209294223
961.0,6.303810771745565,5.831533477321814,13.218142548596113
961.5,6.250601397851484,5.831533477321814,13.218142548596113
962.0,6.203580480765453,5.831533477321814,13.167978819758936
962.5,6.178847498421926,5.831533477321814,13.167978819758936
963.0,6.160178072650917,5.831533477321814,13.167978819758936
963.5,6.145344817361022,5.831533477321814,13.167978819758936
964.0,6.132438345791873,5.831533477321814,13.167978819758936
964.5,6.120220951452303,5.831533477321814,13.167978819758936
965.0,6.117575367896153,5.831533477321814,13.167978819758936
965.5,6.119495951126552,5.831533477321814,13.167978819758936
966.0,6.1200786336034305,5.831533477321814,13.167978819758936
966.5,6.1195881327444726,5.831533477321814,13.167978819758936
967.0,6.118543109630204,5.831533477321814,13.167978819758936
967.5,6.11701371231998,5.831533477321814,13.167978819758936
968.0,6.114856769986882,5.831533477321814,13.218142548596113
968.5,6.11168235074423,5.831533477321814,13.218142548596113
969.0,6.107505797278479,5.831533477321814,13.218142548596113
969.5,6.102417483875474,5.831533477321814,13.218142548596113
970.0,6.096471776217118,5.831533477321814,13.218142548596113
970.5,6.089760464033475,5.831533477321814,13.218142548596113
971.0,6.082116563812033,5.831533477321814,13.218142548596113
971.5,6.072388046250422,5.831533477321814,13.218142548596113
972.0,6.057152424218573,5.831533477321814,13.795025430223646
972.5,6.038523849764855,5.831533477321814,13.795025430223646
973.0,6.0166696270940125,5.831533477321814,13.795025430223646
973.5,5.992915185441341,5.831533477321814,13.795025430223646
974.0,5.9693622104741255,5.831533477321814,14.422072040688358
974.5,5.946352629559863,5.831533477321814,14.422072040688358
975.0,5.924738987103754,5.831533477321814,14.422072040688358
975.5,5.90335001506721,5.904205610042309,14.422072040688358
976.0,5.881844887543803,6.220302375809935,15.04911865115307
976.5,5.876716230439967,5.831533477321814,15.04911865115307
977.0,5.870760454679938,5.831533477321814,14.422072040688358
977.5,5.867397819245955,5.831533477321814,14.422072040688358
978.0,5.865991860463897,5.831533477321814,14.422072040688358
978.5,5.865006606707114,5.831533477321814,14.422072040688358
979.0,5.863913087964498,5.864035816635326,15.04911865115307
979.5,5.857597933625684,6.220302375809935,15.04911865115307
980.0,5.862785999448787,6.220302375809935,15.04911865115307
980.5,5.878137491210686,6.220302375809935,15.04911865115307
981.0,5.8807358828991125,6.220302375809935,15.04911865115307
981.5,5.8839247676264925,6.220302375809935,15.04911865115307
982.0,5.887489693848257,6.220302375809935,15.04911865115307
982.5,5.891388649903254,6.220302375809935,15.04911865115307
983.0,5.895592839586042,6.220302375809935,15.04911865115307
983.5,5.900076623747708,6.220302375809935,15.04911865115307
984.0,5.904814027821545,6.220302375809935,11.286838988364803
984.5,5.909777786915935,6.220302375809935,11.286838988364803
985.0,5.91495978416201,6.220302375809935,11.286838988364803
985.5,5.920336383283012,6.220302375809935,11.286838988364803
986.0,5.925883086906481,6.220302375809935,11.286838988364803
986.5,5.931591923816762,6.220302375809935,11.286838988364803
987.0,5.937445002442998,6.220302375809935,11.286838988364803
987.5,5.943432130430035,6.220302375809935,11.286838988364803
988.0,5.949535292770593,6.220302375809935,11.913885598829513
988.5,5.955745640026256,6.220302375809935,11.913885598829513
989.0,5.962052602560008,6.220302375809935,11.913885598829513
989.5,5.968442883835628,6.220302375809935,11.913885598829513
990.0,5.974905896510023,6.220302375809935,11.913885598829513
990.5,5.981435220435977,6.220302375809935,11.913885598829513
991.0,5.988014016282717,6.220302375809935,11.913885598829513
991.5,5.994646486102131,6.220302375809935,11.913885598829513
992.0,6.0013136447461335,6.220302375809935,11.913885598829513
992.5,6.00801739801912,6.220302375809935,11.913885598829513
993.0,6.014745576512939,6.220302375809935,11.913885598829513
993.5,6.021494805963529,6.220302375809935,11.913885598829513
994.0,6.028256010351197,6.220302375809935,11.913885598829513
994.5,6.035028314930262,6.220302375809935,11.913885598829513
995.0,6.041800398692605,6.220302375809935,11.913885598829513
995.5,6.048570769619599,6.220302375809935,11.913885598829513
996.0,6.055335760373503,6.220302375809935,11.913885598829513
996.5,6.062088652137529,6.220302375809935,11.913885598829513
997.0,6.068825785437099,6.220302375809935,11.913885598829513
997.5,6.075542315296076,6.220302375809935,11.913885598829513
998.0,6.0822406849135815,6.220302375809935,11.913885598829513
998.5,6.088913126351557,6.220302375809935,11.913885598829513
999.0,6.095556637430926,6.220302375809935,11.913885598829513
999.5,6.102166950685356,6.220302375809935,11.913885598829513
1000.0,6.108744451579986,6.220302375809935,11.913885598829513
1000.5,6.115287364202767,6.220302375809935,11.913885598829513
1001.0,6.121791934984872,6.220302375809935,11.913885598829513
1001.5,6.128255366924476,6.220302375809935,11.913885598829513
1002.0,6.134675452104862,6.220302375809935,11.913885598829513
1002.5,6.141051749648112,6.220302375809935,11.913885598829513
1003.0,6.147383342275857,6.220302375809935,11.913885598829513
1003.5,6.1536674098499615,6.220302375809935,11.913885598829513
1004.0,6.159902182665587,6.220302375809935,11.913885598829513
1004.5,6.166086178132009,6.220302375809935,11.913885598829513
1005.0,6.172221171035607,6.220302375809935,11.913885598829513
1005.5,6.1783013691815984,6.220302375809935,11.913885598829513
1006.0,6.184321508520189,6.220302375809935,11.913885598829513
1006.5,6.190286195754726,6.220302375809935,11.913885598829513
1007.0,6.196208979171747,6.220302375809935,11.913885598829513
1007.5,6.202077174547937,6.220302375809935,11.913885598829513
1008.0,6.207893096143007,6.220302375809935,11.913885598829513
1008.5,6.213649366527178,6.220302375809935,11.913885598829513
1009.0,6.21935059434359,6.220302375809935,11.913885598829513
1009.5,6.2249958035903505,6.220302375809935,11.913885598829513
1010.0,6.230581372860371,6.220302375809935,11.913885598829513
1010.5,6.236110425130745,6.220302375809935,11.913885598829513
1011.0,6.2415803518304696,6.220302375809935,11.913885598829513
1011.5,6.246989824583949,6.220302375809935,11.913885598829513
1012.0,6.252349747759778,6.220302375809935,11.913885598829513
1012.5,6.2576550265541115,6.220302375809935,11.913885598829513
1013.0,6.262897909846858,6.220302375809935,11.913885598829513
1013.5,6.268082059659853,6.220302375809935,11.913885598829513
1014.0,6.273208185808453,6.220302375809935,11.913885598829513
1014.5,6.278273180042868,6.220302375809935,11.913885598829513
1015.0,6.283277794769053,6.220302375809935,11.913885598829513
1015.5,6.288221790835263,6.220302375809935,11.913885598829513
1016.0,6.29310523305778,6.220302375809935,11.913885598829513
1016.5,6.2978830115470394,6.220302375809935,11.913885598829513
1017.0,6.302602502891487,6.220302375809935,12.540932209294223
1017.5,6.306915486376047,5.831533477321814,12.540932209294223
1018.0,6.2880443812398275,5.831533477321814,12.540932209294223
1018.5,6.249631578402755,5.831533477321814,12.540932209294223
1019.0,6.2092875704679305,5.831533477321814,12.540932209294223
1019.5,6.187700802733247,5.831533477321814,12.540932209294223
1020.0,6.169878287183683,5.831533477321814,12.540932209294223
1020.5,6.153290342073973,5.831533477321814,12.540932209294223
1021.0,6.138651988153237,5.831533477321814,12.540932209294223
1021.5,6.1256382665078,5.831533477321814,12.540932209294223
1022.0,6.113227355802495,5.831533477321814,12.540932209294223
1022.5,6.107076419907935,5.831533477321814,12.540932209294223
1023.0,6.10804121383946,5.831533477321814,11.913885598829513
1023.5,6.10792266820376,5.831533477321814,11.913885598829513
1024.0,6.106139438696769,5.831533477321814,12.540932209294223
1024.5,6.102462221432826,5.831533477321814,12.540932209294223
1025.0,6.097288508517036,5.831533477321814,15.04911865115307
1025.5,6.089855426349147,5.831533477321814,15.04911865115307
1026.0,6.076405329454112,5.831533477321814,15.04911865115307
1026.5,6.058856003539314,5.831533477321814,15.04911865115307
1027.0,6.038982792096712,5.831533477321814,15.04911865115307
1027.5,6.018415314582959,5.831533477321814,15.04911865115307
1028.0,6.009396256634077,5.831533477321814,14.422072040688358
1028.5,6.000189270444412,5.831533477321814,14.422072040688358
1029.0,5.991983968136094,5.831533477321814,13.795025430223646
1029.5,5.978414025760984,5.831533477321814,13.795025430223646
1030.0,5.9600819206330735,5.831533477321814,12.540932209294223
1030.5,5.938726323160795,5.831533477321814,12.540932209294223
1031.0,5.915970333229141,5.831533477321814,12.540932209294223
1031.5,5.892658586488492,5.831533477321814,12.540932209294223
1032.0,5.869339303403599,5.831533477321814,13.218142548596113
1032.5,5.846387426846268,5.831533477321814,13.218142548596113
1033.0,5.824787199361865,5.831533477321814,13.218142548596113
1033.5,5.803390593680747,5.831533477321814,13.218142548596113
1034.0,5.782171474974054,5.831533477321814,13.218142548596113
1034.5,5.761285684293487,5.831533477321814,13.218142548596113
1035.0,5.7408609493803615,5.831533477321814,13.218142548596113
1035.5,5.7197449280639265,5.831533477321814,13.218142548596113
1036.0,5.700577572808115,5.831533477321814,13.218142548596113
1036.5,5.697675719140292,5.831533477321814,13.218142548596113
1037.0,5.695360972132685,5.831533477321814,13.218142548596113
1037.5,5.693200885326343,5.831533477321814,13.218142548596113
1038.0,5.690077711605155,5.831533477321814,13.218142548596113
1038.5,5.684518192362183,5.831533477321814,13.218142548596113
1039.0,5.672500874173739,5.831533477321814,15.550755939524837
1039.5,5.656546948983452,5.831533477321814,15.550755939524837
1040.0,5.638210854524942,5.831533477321814,15.550755939524837
1040.5,5.6192012805098575,5.831533477321814,15.550755939524837
1041.0,5.602959502135751,5.831533477321814,15.550755939524837
1041.5,5.589276370634095,5.831533477321814,15.550755939524837
1042.0,5.577597508594883,5.831533477321814,15.550755939524837
1042.5,5.567484695128469,5.831533477321814,15.550755939524837
1043.0,5.5586051210820075,5.831533477321814,15.550755939524837
1043.5,5.55711939792312,5.831533477321814,15.550755939524837
1044.0,5.564405206832128,5.831533477321814,15.550755939524837
1044.5,5.572214501230677,5.831533477321814,15.550755939524837
1045.0,5.580421642928833,5.831533477321814,15.550755939524837
1045.5,5.588929851634214,5.831533477321814,15.550755939524837
1046.0,5.597669756277331,5.831533477321814,15.550755939524837
1046.5,5.606584063464749,5.831533477321814,15.550755939524837
1047.0,5.615617656093517,5.831533477321814,15.550755939524837
1047.5,5.624735998375703,5.831533477321814,15.550755939524837
1048.0,5.633909468736878,5.831533477321814,15.550755939524837
1048.5,5.643113413324821,5.831533477321814,15.550755939524837
1049.0,5.652329524331784,5.831533477321814,15.550755939524837
1049.5,5.661542119227399,5.831533477321814,15.550755939524837
1050.0,5.670731669361087,5.831533477321814,14.422072040688358
1050.5,5.67989567962053,5.831533477321814,14.422072040688358
1051.0,5.689018390288058,5.831533477321814,14.422072040688358
1051.5,5.698094962733964,5.831533477321814,14.422072040688358
1052.0,5.707115075081946,5.831533477321814,14.422072040688358
1052.5,5.716071875430657,5.831533477321814,14.422072040688358
1053.0,5.724960885071275,5.831533477321814,14.422072040688358
1053.5,5.733779877626931,5.831533477321814,14.422072040688358
1054.0,5.742524212290787,5.831533477321814,14.422072040688358
1054.5,5.7511924589687755,5.831533477321814,14.422072040688358
1055.0,5.759790995460635,5.831533477321814,14.422072040688358
1055.5,5.768317371296603,5.831533477321814,14.422072040688358
1056.0,5.776755936667278,5.831533477321814,14.422072040688358
1056.5,5.785105730396949,5.831533477321814,14.422072040688358
1057.0,5.793369754532947,5.831533477321814,14.422072040688358
1057.5,5.801544086606955,5.831533477321814,14.422072040688358
1058.0,5.809625946563425,5.831533477321814,14.422072040688358
1058.5,5.817614640653892,5.831533477321814,14.422072040688358
1059.0,5.825512206459463,5.831533477321814,14.422072040688358
1059.5,5.8333182231223475,5.831533477321814,14.422072040688358
1060.0,5.841020375170859,5.831533477321814,14.422072040688358
1060.5,5.848637398047178,5.831533477321814,14.422072040688358
1061.0,5.8561670850620375,5.831533477321814,14.422072040688358
1061.5,5.8636099329959395,5.831533477321814,14.422072040688358
1062.0,5.870968788170917,5.831533477321814,14.422072040688358
1062.5,5.878240652854538,5.831533477321814,14.422072040688358
1063.0,5.8854165816922075,5.831533477321814,14.422072040688358
1063.5,5.89250929012299,5.831533477321814,14.422072040688358
1064.0,5.899518689332981,5.831533477321814,14.422072040688358
1064.5,5.906445029271761,5.831533477321814,14.422072040688358
1065.0,5.91329167294364,5.831533477321814,14.422072040688358
1065.5,5.920037962799887,5.831533477321814,14.422072040688358
1066.0,5.9266442188523545,5.831533477321814,14.422072040688358
1066.5,5.93318973289872,5.831533477321814,14.422072040688358
1067.0,5.939681988005673,5.831533477321814,14.422072040688358
1067.5,5.946114397219843,5.831533477321814,14.422072040688358
1068.0,5.952481396669792,5.831533477321814,14.422072040688358
1068.5,5.9587300420235625,6.220302375809935,14.422072040688358
1069.0,5.961637333365532,6.220302375809935,14.422072040688358
1069.5,5.960991682884424,6.220302375809935,14.422072040688358
1070.0,5.9581249586950005,6.220302375809935,14.422072040688358
1070.5,5.9542058421376165,6.220302375809935,14.422072040688358
1071.0,5.950262206280253,6.220302375809935,14.422072040688358
1071.5,5.9545921749729285,6.220302375809935,14.422072040688358
1072.0,5.96351510295556,6.220302375809935,15.04911865115307
1072.5,5.972282664972412,6.220302375809935,15.04911865115307
1073.0,5.980843289396321,6.220302375809935,15.04911865115307
1073.5,5.989166895412,6.220302375809935,15.04911865115307
1074.0,5.997230304399618,6.220302375809935,15.04911865115307
1074.5,6.005079829934377,6.220302375809935,15.04911865115307
1075.0,6.012729538588766,6.220302375809935,15.04911865115307
1075.5,6.020193949573082,6.220302375809935,15.04911865115307
1076.0,6.027489867062813,6.220302375809935,15.04911865115307
1076.5,6.034634326198278,6.220302375809935,15.04911865115307
1077.0,6.041641787128781,6.220302375809935,15.04911865115307
1077.5,6.048523999792218,6.220302375809935,15.04911865115307
1078.0,6.055295150631038,6.220302375809935,15.04911865115307
1078.5,6.061965134648223,6.220302375809935,15.04911865115307
1079.0,6.068543990471556,6.220302375809935,15.04911865115307
1079.5,6.075022433723062,6.220302375809935,15.04911865115307
1080.0,6.081430191625052,6.220302375809935,14.967602591792657
1080.5,6.087777447091182,6.220302375809935,14.967602591792657
1081.0,6.094070502815735,6.220302375809935,14.422072040688358
1081.5,6.100242235925711,5.831533477321814,14.422072040688358
1082.0,6.101844142851712,5.831533477321814,14.422072040688358
1082.5,6.098508541828671,5.831533477321814,14.422072040688358
1083.0,6.092129958854161,5.831533477321814,14.422072040688358
1083.5,6.083737759618261,5.831533477321814,14.422072040688358
1084.0,6.073868005149071,5.831533477321814,14.422072040688358
1084.5,6.0627689198511465,5.831533477321814,14.422072040688358
1085.0,6.050509675584995,5.831533477321814,14.422072040688358
1085.5,6.037032342089692,5.831533477321814,14.422072040688358
1086.0,6.0221683519493165,5.831533477321814,14.422072040688358
1086.5,6.005628384649458,5.831533477321814,14.422072040688358
1087.0,5.98697594859851,5.831533477321814,14.422072040688358
1087.5,5.965590578087191,5.831533477321814,14.422072040688358
1088.0,5.940452498650148,5.831533477321814,12.540932209294223
1088.5,5.909548148592875,5.831533477321814,12.540932209294223
1089.0,5.872231903913067,5.831533477321814,12.540932209294223
1089.5,5.827260456673796,5.831533477321814,12.540932209294223
1090.0,5.786525830017542,5.831533477321814,12.540932209294223
1090.5,5.7556660730470135,5.831533477321814,12.540932209294223
1091.0,5.725140571070006,5.831533477321814,12.540932209294223
1091.5,5.691307714665117,5.831533477321814,12.540932209294223
1092.0,5.652898342188997,5.831533477321814,12.540932209294223
1092.5,5.60958869230609,5.831533477321814,12.540932209294223
1093.0,5.56149334653152,5.831533477321814,11.913885598829513
1093.5,5.508875488500872,5.831533477321814,11.913885598829513
1094.0,5.45234228187754,5.831533477321814,11.913885598829513
1094.5,5.392213706479595,5.831533477321814,11.913885598829513
1095.0,5.329086454556872,5.831533477321814,11.286838988364803
1095.5,5.26365235083094,5.831533477321814,11.286838988364803
1096.0,5.196061725267016,5.831533477321814,11.286838988364803
1096.5,5.125725515850198,5.831533477321814,11.286838988364803
1097.0,5.053987251708692,5.831533477321814,15.550755939524837
1097.5,4.983115162887178,5.831533477321814,15.550755939524837
1098.0,4.913793726931123,5.831533477321814,15.550755939524837
1098.5,4.845779751627039,5.831533477321814,15.550755939524837
1099.0,4.779227896307243,5.831533477321814,11.286838988364803
1099.5,4.714357015526954,5.831533477321814,11.286838988364803
1100.0,4.651547983596845,5.831533477321814,11.286838988364803
1100.5,4.5911341285833664,5.831533477321814,11.286838988364803
1101.0,4.533393378620235,5.831533477321814,11.286838988364803
1101.5,4.478451651011097,5.831533477321814,11.286838988364803
1102.0,4.426498756067145,5.831533477321814,15.04911865115307
1102.5,4.377684737756025,5.831533477321814,15.04911865115307
1103.0,4.332071491910779,5.831533477321814,15.04911865115307
1103.5,4.2896428831722835,5.831533477321814,15.04911865115307
1104.0,4.250306375717355,5.831533477321814,11.286838988364803
1104.5,4.213889551023007,5.831533477321814,11.286838988364803
1105.0,4.180185183885579,5.831533477321814,15.550755939524837
1105.5,4.148725760711007,5.831533477321814,15.550755939524837
1106.0,4.130484322356833,5.831533477321814,15.04911865115307
1106.5,4.12575558830756,5.831533477321814,15.04911865115307
1107.0,4.132934491941773,5.831533477321814,15.04911865115307
1107.5,4.150297278968865,5.831533477321814,15.04911865115307
1108.0,4.175820293051749,5.831533477321814,15.550755939524837
1108.5,4.208317814568793,5.831533477321814,15.550755939524837
1109.0,4.246482272467936,5.831533477321814,15.550755939524837
1109.5,4.2890312650030165,5.831533477321814,15.550755939524837
1110.0,4.3348143307778555,5.831533477321814,15.550755939524837
1110.5,4.382888920546944,5.831533477321814,15.550755939524837
1111.0,4.432313465991526,5.831533477321814,15.550755939524837
1111.5,4.4821958532449715,5.831533477321814,15.550755939524837
1112.0,4.531738734180724,5.831533477321814,15.550755939524837
1112.5,4.580251612768628,5.831533477321814,15.550755939524837
1113.0,4.6271593638265,5.831533477321814,15.550755939524837
1113.5,4.671886241011457,5.831533477321814,15.550755939524837
1114.0,4.713881371700026,5.831533477321814,15.550755939524837
1114.5,4.752641218125774,5.831533477321814,15.550755939524837
1115.0,4.787675282790373,5.831533477321814,11.913885598829513
1115.5,4.816382658953776,5.831533477321814,11.913885598829513
1116.0,4.837056336977335,5.831533477321814,11.913885598829513
1116.5,4.85043508637692,5.831533477321814,11.913885598829513
1117.0,4.857342910415337,5.831533477321814,12.540932209294223
1117.5,4.85828235766659,5.831533477321814,12.540932209294223
1118.0,4.85390134352387,5.831533477321814,12.540932209294223
1118.5,4.844911823882575,5.831533477321814,12.540932209294223
1119.0,4.8319765886136885,5.831533477321814,12.540932209294223
1119.5,4.815760088301736,5.831533477321814,12.540932209294223
1120.0,4.796885159254063,5.831533477321814,12.540932209294223
1120.5,4.7759426903538165,5.831533477321814,12.540932209294223
1121.0,4.753392267295437,5.831533477321814,12.540932209294223
1121.5,4.729693694995069,5.831533477321814,12.540932209294223
1122.0,4.705228661186522,5.831533477321814,12.540932209294223
1122.5,4.680276047691991,5.831533477321814,12.540932209294223
1123.0,4.655088344959172,5.831533477321814,12.540932209294223
1123.5,4.633632627419781,5.831533477321814,12.540932209294223
1124.0,4.61992090781419,5.831533477321814,12.540932209294223
1124.5,4.614135916601157,5.831533477321814,12.540932209294223
1125.0,4.61630137716726,5.831533477321814,12.540932209294223
1125.5,4.626297900699006,5.831533477321814,12.540932209294223
1126.0,4.643692129110419,5.831533477321814,12.540932209294223
1126.5,4.667741203143069,5.831533477321814,12.540932209294223
1127.0,4.697381264965735,5.831533477321814,12.540932209294223
1127.5,4.731366429297499,5.831533477321814,12.540932209294223
1128.0,4.7684368619469915,5.831533477321814,13.218142548596113
1128.5,4.807499764525882,5.831533477321814,13.218142548596113
1129.0,4.84763878707885,5.831533477321814,13.795025430223646
1129.5,4.888589772974795,5.831533477321814,13.795025430223646
1130.0,4.931221458873125,5.831533477321814,13.218142548596113
1130.5,4.974966148401009,5.831533477321814,13.218142548596113
1131.0,5.018346476793725,5.831533477321814,13.218142548596113
1131.5,5.060681743792579,5.831533477321814,13.218142548596113
1132.0,5.102060681694064,5.831533477321814,13.218142548596113
1132.5,5.141649773863419,5.831533477321814,13.218142548596113
1133.0,5.179063040041983,5.831533477321814,13.218142548596113
1133.5,5.214411627094472,5.831533477321814,13.218142548596113
1134.0,5.247689039741506,5.831533477321814,13.218142548596113
1134.5,5.2788702061849415,5.831533477321814,13.218142548596113
1135.0,5.308763946542717,5.831533477321814,13.218142548596113
1135.5,5.3374926977312604,5.831533477321814,13.218142548596113
1136.0,5.365170057637235,5.831533477321814,13.218142548596113
1136.5,5.391671079854341,5.831533477321814,13.218142548596113
1137.0,5.416980422044232,5.831533477321814,13.218142548596113
1137.5,5.441027125655199,5.831533477321814,13.218142548596113
1138.0,5.463383588867105,5.831533477321814,15.550755939524837
1138.5,5.483524006420996,5.831533477321814,15.550755939524837
1139.0,5.50173617780113,5.831533477321814,15.04911865115307
1139.5,5.518350942023017,5.831533477321814,15.04911865115307
1140.0,5.5337874253569055,5.831533477321814,13.795025430223646
1140.5,5.548091206198386,5.831533477321814,13.795025430223646
1141.0,5.561314349993092,5.831533477321814,12.540932209294223
1141.5,5.573544459699734,5.831533477321814,12.540932209294223
1142.0,5.581366674418379,5.831533477321814,12.540932209294223
1142.5,5.572975273500427,5.831533477321814,12.540932209294223
1143.0,5.572159159124315,5.831533477321814,12.540932209294223
1143.5,5.566957464905131,5.831533477321814,12.540932209294223
1144.0,5.564580537705444,5.831533477321814,12.540932209294223
1144.5,5.560876812229679,5.831533477321814,12.540932209294223
1145.0,5.557102705339137,5.831533477321814,12.540932209294223
1145.5,5.55397988108002,5.831533477321814,12.540932209294223
1146.0,5.551876946741891,5.831533477321814,12.540932209294223
1146.5,5.547326182294084,5.831533477321814,12.540932209294223
1147.0,5.544678179115199,5.831533477321814,12.540932209294223
1147.5,5.540793823158562,5.831533477321814,12.540932209294223
1148.0,5.538412516705017,6.154429646164676,12.540932209294223
1148.5,5.560846781893822,6.127257528993302,12.540932209294223
1149.0,5.597441012958948,6.099816035699141,12.540932209294223
1149.5,5.6338992859026655,6.072082265252839,12.540932209294223
1150.0,5.666161318545991,5.831533477321814,12.540932209294223
1150.5,5.672362035389966,6.220302375809935,12.540932209294223
1151.0,5.688875432601064,6.220302375809935,12.540932209294223
1151.5,5.720303136097132,6.220302375809935,12.540932209294223
1152.0,5.7561889920611575,6.220302375809935,15.04911865115307
1152.5,5.791365475606657,6.220302375809935,15.04911865115307
1153.0,5.824351763419457,6.220302375809935,15.04911865115307
1153.5,5.854917922442441,6.220302375809935,15.04911865115307
1154.0,5.881349507856243,6.220302375809935,13.795025430223646
1154.5,5.888622500493828,6.220302375809935,13.795025430223646
1155.0,5.886066064737926,6.220302375809935,13.795025430223646
1155.5,5.880724127561295,6.220302375809935,13.795025430223646
1156.0,5.874250349563123,6.220302375809935,14.422072040688358
1156.5,5.867405241238981,6.220302375809935,14.422072040688358
1157.0,5.860574637120217,6.220302375809935,14.422072040688358
1157.5,5.857985590925657,6.220302375809935,14.422072040688358
1158.0,5.857966837354671,6.220302375809935,14.422072040688358
1158.5,5.854102719521758,6.220302375809935,14.422072040688358
1159.0,5.851967062812736,6.220302375809935,14.422072040688358
1159.5,5.859473563433164,6.220302375809935,14.422072040688358
1160.0,5.867162443920776,6.220302375809935,14.422072040688358
1160.5,5.875033463497991,6.220302375809935,14.422072040688358
1161.0,5.883041665346023,6.220302375809935,14.422072040688358
1161.5,5.891166640133491,6.220302375809935,14.422072040688358
1162.0,5.8993377232801265,6.220302375809935,14.422072040688358
1162.5,5.907614554400032,6.220302375809935,14.422072040688358
1163.0,5.915966496928902,6.220302375809935,14.422072040688358
1163.5,5.924375699082172,6.220302375809935,14.422072040688358
1164.0,5.932812294650228,6.220302375809935,14.422072040688358
1164.5,5.941257014500863,6.220302375809935,14.422072040688358
1165.0,5.949697178967941,6.220302375809935,14.384449244060475
1165.5,5.958118978546411,6.220302375809935,14.384449244060475
1166.0,5.96651706482031,6.220302375809935,13.795025430223646
1166.5,5.974882549278948,6.220302375809935,13.795025430223646
1167.0,5.983205663270057,6.220302375809935,13.795025430223646
1167.5,5.991480636894758,6.220302375809935,13.795025430223646
1168.0,5.999704096142508,6.220302375809935,13.795025430223646
1168.5,6.007892728428935,6.220302375809935,13.795025430223646
1169.0,6.01601421449784,6.220302375809935,13.795025430223646
1169.5,6.023969729420757,6.220302375809935,13.795025430223646
1170.0,6.031872112572143,6.220302375809935,13.795025430223646
1170.5,6.039733057170536,6.220302375809935,13.795025430223646
1171.0,6.0475446838959765,6.220302375809935,13.795025430223646
1171.5,6.0552957557718345,6.220302375809935,13.795025430223646
1172.0,6.062981104799365,6.220302375809935,13.795025430223646
1172.5,6.070595902636954,6.220302375809935,13.795025430223646
1173.0,6.078137412090729,6.220302375809935,13.795025430223646
1173.5,6.085602080040238,6.220302375809935,13.795025430223646
1174.0,6.092991821760187,6.220302375809935,13.218142548596113
1174.5,6.100300105270498,6.220302375809935,13.218142548596113
1175.0,6.1075269113299555,6.220302375809935,13.218142548596113
1175.5,6.114671838952226,6.220302375809935,13.218142548596113
1176.0,6.121734327369806,6.220302375809935,12.540932209294223
1176.5,6.128713174478686,6.220302375809935,12.540932209294223
1177.0,6.135610154484055,6.220302375809935,12.540932209294223
1177.5,6.142427055191976,6.220302375809935,12.540932209294223
1178.0,6.149161243874374,6.220302375809935,12.540932209294223
1178.5,6.155813277305359,6.220302375809935,12.540932209294223
1179.0,6.162383439608369,6.220302375809935,12.540932209294223
1179.5,6.168872097474293,6.220302375809935,12.540932209294223
1180.0,6.175279347407054,6.220302375809935,12.540932209294223
1180.5,6.181605159868375,6.220302375809935,12.540932209294223
1181.0,6.187849970859991,6.220302375809935,12.540932209294223
1181.5,6.194012781766206,6.220302375809935,12.540932209294223
1182.0,6.200095625966598,6.220302375809935,12.540932209294223
1182.5,6.206097514771944,6.220302375809935,12.540932209294223
1183.0,6.21201869731582,6.220302375809935,12.540932209294223
1183.5,6.2178570704172795,6.220302375809935,12.540932209294223
1184.0,6.22361488290724,6.220302375809935,12.540932209294223
1184.5,6.229298015003771,6.220302375809935,12.540932209294223
1185.0,6.234902787900738,6.220302375809935,12.540932209294223
1185.5,6.240430009541226,6.220302375809935,12.540932209294223
1186.0,6.24588193263382,6.220302375809935,12.540932209294223
1186.5,6.251257817263604,6.220302375809935,12.540932209294223
1187.0,6.25655863123808,6.220302375809935,12.540932209294223
1187.5,6.2617855879709525,6.220302375809935,12.540932209294223
1188.0,6.266947049572796,6.220302375809935,12.540932209294223
1188.5,6.272038688439304,6.220302375809935,12.540932209294223
1189.0,6.27706020589673,6.220302375809935,12.540932209294223
1189.5,6.282014693322268,6.220302375809935,12.540932209294223
1190.0,6.286903528201492,6.220302375809935,12.540932209294223
1190.5,6.291727928408484,6.220302375809935,12.540932209294223
1191.0,6.296489664316914,6.220302375809935,12.540932209294223
1191.5,6.301189921234044,6.220302375809935,12.540932209294223
1192.0,6.305830698034272,6.220302375809935,12.540932209294223
1192.5,6.310416060755864,6.220302375809935,12.540932209294223
1193.0,6.314993814516338,6.220302375809935,12.540932209294223
1193.5,6.319513461781516,6.220302375809935,12.540932209294223
1194.0,6.323962004770468,6.220302375809935,12.540932209294223
1194.5,6.328286499127322,6.220302375809935,12.540932209294223
1195.0,6.328527260260874,5.831533477321814,12.540932209294223
1195.5,6.3057489210152875,5.831533477321814,12.540932209294223
1196.0,6.265216678628594,5.831533477321814,12.540932209294223
1196.5,6.219849347727548,5.831533477321814,12.540932209294223
1197.0,6.196211128418369,5.831533477321814,12.540932209294223
1197.5,6.179823215728791,5.831533477321814,12.540932209294223
1198.0,6.182445647614441,5.831533477321814,12.540932209294223
1198.5,6.184688440625542,5.831533477321814,12.540932209294223
1199.0,6.186609613052819,5.831533477321814,13.795025430223646
1199.5,6.187939782559835,5.831533477321814,13.795025430223646
